26 Feb 2025 11:04:20,686 INFO com.sismics.util.jpa.EMF.getEntityManagerProperties(EMF.java:67) Configuring EntityManager from hibernate.properties 
26 Feb 2025 11:04:20,938 INFO com.sismics.util.jpa.DbOpenHelper.open(DbOpenHelper.java:57) Opening database and executing incremental updates 
26 Feb 2025 11:04:20,939 INFO com.sismics.util.jpa.DbOpenHelper.open(DbOpenHelper.java:83) Unable to get database version: Table T_CONFIG not found 
26 Feb 2025 11:04:20,939 INFO com.sismics.util.jpa.DbOpenHelper.open(DbOpenHelper.java:98) Executing initial schema creation script 
26 Feb 2025 11:04:20,941 INFO com.sismics.util.jpa.DbOpenHelper.executeAllScript(DbOpenHelper.java:142) Executing script: dbupdate-000-0.sql 
26 Feb 2025 11:04:20,969 INFO com.sismics.util.jpa.DbOpenHelper.executeAllScript(DbOpenHelper.java:142) Executing script: dbupdate-000-1.sql 
26 Feb 2025 11:04:20,973 INFO com.sismics.util.jpa.DbOpenHelper.open(DbOpenHelper.java:106) Found database version 0, new version is 31, executing database incremental update scripts 
26 Feb 2025 11:04:20,974 INFO com.sismics.util.jpa.DbOpenHelper.executeAllScript(DbOpenHelper.java:142) Executing script: dbupdate-001-0.sql 
26 Feb 2025 11:04:20,996 INFO com.sismics.util.jpa.DbOpenHelper.executeAllScript(DbOpenHelper.java:142) Executing script: dbupdate-002-0.sql 
26 Feb 2025 11:04:20,998 INFO com.sismics.util.jpa.DbOpenHelper.executeAllScript(DbOpenHelper.java:142) Executing script: dbupdate-003-0.sql 
26 Feb 2025 11:04:21,000 INFO com.sismics.util.jpa.DbOpenHelper.executeAllScript(DbOpenHelper.java:142) Executing script: dbupdate-004-0.sql 
26 Feb 2025 11:04:21,006 INFO com.sismics.util.jpa.DbOpenHelper.executeAllScript(DbOpenHelper.java:142) Executing script: dbupdate-005-0.sql 
26 Feb 2025 11:04:21,007 INFO com.sismics.util.jpa.DbOpenHelper.executeAllScript(DbOpenHelper.java:142) Executing script: dbupdate-006-0.sql 
26 Feb 2025 11:04:21,064 INFO com.sismics.util.jpa.DbOpenHelper.executeAllScript(DbOpenHelper.java:142) Executing script: dbupdate-007-0.sql 
26 Feb 2025 11:04:21,065 INFO com.sismics.util.jpa.DbOpenHelper.executeAllScript(DbOpenHelper.java:142) Executing script: dbupdate-008-0.sql 
26 Feb 2025 11:04:21,066 INFO com.sismics.util.jpa.DbOpenHelper.executeAllScript(DbOpenHelper.java:142) Executing script: dbupdate-009-0.sql 
26 Feb 2025 11:04:21,068 INFO com.sismics.util.jpa.DbOpenHelper.executeAllScript(DbOpenHelper.java:142) Executing script: dbupdate-010-0.sql 
26 Feb 2025 11:04:21,069 INFO com.sismics.util.jpa.DbOpenHelper.executeAllScript(DbOpenHelper.java:142) Executing script: dbupdate-011-0.sql 
26 Feb 2025 11:04:21,070 INFO com.sismics.util.jpa.DbOpenHelper.executeAllScript(DbOpenHelper.java:142) Executing script: dbupdate-012-0.sql 
26 Feb 2025 11:04:21,071 INFO com.sismics.util.jpa.DbOpenHelper.executeAllScript(DbOpenHelper.java:142) Executing script: dbupdate-013-0.sql 
26 Feb 2025 11:04:21,077 INFO com.sismics.util.jpa.DbOpenHelper.executeAllScript(DbOpenHelper.java:142) Executing script: dbupdate-014-0.sql 
26 Feb 2025 11:04:21,080 INFO com.sismics.util.jpa.DbOpenHelper.executeAllScript(DbOpenHelper.java:142) Executing script: dbupdate-015-0.sql 
26 Feb 2025 11:04:21,084 INFO com.sismics.util.jpa.DbOpenHelper.executeAllScript(DbOpenHelper.java:142) Executing script: dbupdate-016-0.sql 
26 Feb 2025 11:04:21,084 INFO com.sismics.util.jpa.DbOpenHelper.executeAllScript(DbOpenHelper.java:142) Executing script: dbupdate-017-0.sql 
26 Feb 2025 11:04:21,085 INFO com.sismics.util.jpa.DbOpenHelper.executeAllScript(DbOpenHelper.java:142) Executing script: dbupdate-018-0.sql 
26 Feb 2025 11:04:21,092 INFO com.sismics.util.jpa.DbOpenHelper.executeAllScript(DbOpenHelper.java:142) Executing script: dbupdate-019-0.sql 
26 Feb 2025 11:04:21,092 INFO com.sismics.util.jpa.DbOpenHelper.executeAllScript(DbOpenHelper.java:142) Executing script: dbupdate-020-0.sql 
26 Feb 2025 11:04:21,093 INFO com.sismics.util.jpa.DbOpenHelper.executeAllScript(DbOpenHelper.java:142) Executing script: dbupdate-021-0.sql 
26 Feb 2025 11:04:21,095 INFO com.sismics.util.jpa.DbOpenHelper.executeAllScript(DbOpenHelper.java:142) Executing script: dbupdate-022-0.sql 
26 Feb 2025 11:04:21,100 INFO com.sismics.util.jpa.DbOpenHelper.executeAllScript(DbOpenHelper.java:142) Executing script: dbupdate-023-0.sql 
26 Feb 2025 11:04:21,102 INFO com.sismics.util.jpa.DbOpenHelper.executeAllScript(DbOpenHelper.java:142) Executing script: dbupdate-024-0.sql 
26 Feb 2025 11:04:21,104 INFO com.sismics.util.jpa.DbOpenHelper.executeAllScript(DbOpenHelper.java:142) Executing script: dbupdate-025-0.sql 
26 Feb 2025 11:04:21,105 INFO com.sismics.util.jpa.DbOpenHelper.executeAllScript(DbOpenHelper.java:142) Executing script: dbupdate-026-0.sql 
26 Feb 2025 11:04:21,105 INFO com.sismics.util.jpa.DbOpenHelper.executeAllScript(DbOpenHelper.java:142) Executing script: dbupdate-027-0.sql 
26 Feb 2025 11:04:21,105 INFO com.sismics.util.jpa.DbOpenHelper.executeAllScript(DbOpenHelper.java:142) Executing script: dbupdate-028-0.sql 
26 Feb 2025 11:04:21,106 INFO com.sismics.util.jpa.DbOpenHelper.executeAllScript(DbOpenHelper.java:142) Executing script: dbupdate-029-0.sql 
26 Feb 2025 11:04:21,107 INFO com.sismics.util.jpa.DbOpenHelper.executeAllScript(DbOpenHelper.java:142) Executing script: dbupdate-030-0.sql 
26 Feb 2025 11:04:21,107 INFO com.sismics.util.jpa.DbOpenHelper.executeAllScript(DbOpenHelper.java:142) Executing script: dbupdate-031-0.sql 
26 Feb 2025 11:04:21,107 INFO com.sismics.util.jpa.DbOpenHelper.open(DbOpenHelper.java:108) Database upgrade complete 
26 Feb 2025 11:04:21,108 INFO com.sismics.util.jpa.EMF.getEntityManagerProperties(EMF.java:67) Configuring EntityManager from hibernate.properties 
26 Feb 2025 11:04:21,978 INFO com.sismics.util.ClasspathScanner.findClasses(ClasspathScanner.java:48) Found 1 classes for IndexingHandler 
26 Feb 2025 11:04:22,000 INFO com.sismics.docs.core.util.indexing.LuceneIndexingHandler.initLucene(LuceneIndexingHandler.java:129) Using RAM Lucene storage 
26 Feb 2025 11:04:22,039 INFO com.sismics.docs.core.service.FileService.startUp(FileService.java:39) File service starting up 
26 Feb 2025 11:04:22,041 INFO com.sismics.docs.core.service.InboxService.startUp(InboxService.java:52) Inbox service starting up 
26 Feb 2025 11:04:22,041 INFO com.sismics.docs.core.service.FileSizeService.startUp(FileSizeService.java:30) File size service starting up 
26 Feb 2025 11:04:22,199 INFO com.sismics.docs.core.service.FileSizeService.lambda$runOneIteration$0(FileSizeService.java:50) No more file to process, stopping the service 
26 Feb 2025 11:04:22,199 INFO com.sismics.docs.core.service.FileSizeService.shutDown(FileSizeService.java:35) File size service shutting down 
26 Feb 2025 11:09:39,724 INFO com.sismics.util.ClasspathScanner.findClasses(ClasspathScanner.java:48) Found 2 classes for AuthenticationHandler 
26 Feb 2025 11:10:54,864 INFO com.sismics.docs.core.listener.async.DocumentCreatedAsyncListener.on(DocumentCreatedAsyncListener.java:35) Document created event: DocumentCreatedAsyncEvent{documentId=70fb35ea-3fb7-452c-8ae4-f67079c31e50} 
26 Feb 2025 11:11:11,249 INFO com.sismics.docs.core.service.InboxService.shutDown(InboxService.java:57) Inbox service shutting down 
26 Feb 2025 11:11:11,250 INFO com.sismics.docs.core.service.FileService.shutDown(FileService.java:44) File service shutting down 
26 Feb 2025 11:11:16,954 INFO com.sismics.util.jpa.EMF.getEntityManagerProperties(EMF.java:67) Configuring EntityManager from hibernate.properties 
26 Feb 2025 11:11:17,193 INFO com.sismics.util.jpa.DbOpenHelper.open(DbOpenHelper.java:57) Opening database and executing incremental updates 
26 Feb 2025 11:11:17,193 INFO com.sismics.util.jpa.DbOpenHelper.open(DbOpenHelper.java:83) Unable to get database version: Table T_CONFIG not found 
26 Feb 2025 11:11:17,193 INFO com.sismics.util.jpa.DbOpenHelper.open(DbOpenHelper.java:98) Executing initial schema creation script 
26 Feb 2025 11:11:17,195 INFO com.sismics.util.jpa.DbOpenHelper.executeAllScript(DbOpenHelper.java:142) Executing script: dbupdate-000-0.sql 
26 Feb 2025 11:11:17,225 INFO com.sismics.util.jpa.DbOpenHelper.executeAllScript(DbOpenHelper.java:142) Executing script: dbupdate-000-1.sql 
26 Feb 2025 11:11:17,227 INFO com.sismics.util.jpa.DbOpenHelper.open(DbOpenHelper.java:106) Found database version 0, new version is 31, executing database incremental update scripts 
26 Feb 2025 11:11:17,227 INFO com.sismics.util.jpa.DbOpenHelper.executeAllScript(DbOpenHelper.java:142) Executing script: dbupdate-001-0.sql 
26 Feb 2025 11:11:17,241 INFO com.sismics.util.jpa.DbOpenHelper.executeAllScript(DbOpenHelper.java:142) Executing script: dbupdate-002-0.sql 
26 Feb 2025 11:11:17,244 INFO com.sismics.util.jpa.DbOpenHelper.executeAllScript(DbOpenHelper.java:142) Executing script: dbupdate-003-0.sql 
26 Feb 2025 11:11:17,247 INFO com.sismics.util.jpa.DbOpenHelper.executeAllScript(DbOpenHelper.java:142) Executing script: dbupdate-004-0.sql 
26 Feb 2025 11:11:17,253 INFO com.sismics.util.jpa.DbOpenHelper.executeAllScript(DbOpenHelper.java:142) Executing script: dbupdate-005-0.sql 
26 Feb 2025 11:11:17,254 INFO com.sismics.util.jpa.DbOpenHelper.executeAllScript(DbOpenHelper.java:142) Executing script: dbupdate-006-0.sql 
26 Feb 2025 11:11:17,316 INFO com.sismics.util.jpa.DbOpenHelper.executeAllScript(DbOpenHelper.java:142) Executing script: dbupdate-007-0.sql 
26 Feb 2025 11:11:17,318 INFO com.sismics.util.jpa.DbOpenHelper.executeAllScript(DbOpenHelper.java:142) Executing script: dbupdate-008-0.sql 
26 Feb 2025 11:11:17,319 INFO com.sismics.util.jpa.DbOpenHelper.executeAllScript(DbOpenHelper.java:142) Executing script: dbupdate-009-0.sql 
26 Feb 2025 11:11:17,328 INFO com.sismics.util.jpa.DbOpenHelper.executeAllScript(DbOpenHelper.java:142) Executing script: dbupdate-010-0.sql 
26 Feb 2025 11:11:17,328 INFO com.sismics.util.jpa.DbOpenHelper.executeAllScript(DbOpenHelper.java:142) Executing script: dbupdate-011-0.sql 
26 Feb 2025 11:11:17,330 INFO com.sismics.util.jpa.DbOpenHelper.executeAllScript(DbOpenHelper.java:142) Executing script: dbupdate-012-0.sql 
26 Feb 2025 11:11:17,333 INFO com.sismics.util.jpa.DbOpenHelper.executeAllScript(DbOpenHelper.java:142) Executing script: dbupdate-013-0.sql 
26 Feb 2025 11:11:17,334 INFO com.sismics.util.jpa.DbOpenHelper.executeAllScript(DbOpenHelper.java:142) Executing script: dbupdate-014-0.sql 
26 Feb 2025 11:11:17,339 INFO com.sismics.util.jpa.DbOpenHelper.executeAllScript(DbOpenHelper.java:142) Executing script: dbupdate-015-0.sql 
26 Feb 2025 11:11:17,344 INFO com.sismics.util.jpa.DbOpenHelper.executeAllScript(DbOpenHelper.java:142) Executing script: dbupdate-016-0.sql 
26 Feb 2025 11:11:17,344 INFO com.sismics.util.jpa.DbOpenHelper.executeAllScript(DbOpenHelper.java:142) Executing script: dbupdate-017-0.sql 
26 Feb 2025 11:11:17,345 INFO com.sismics.util.jpa.DbOpenHelper.executeAllScript(DbOpenHelper.java:142) Executing script: dbupdate-018-0.sql 
26 Feb 2025 11:11:17,353 INFO com.sismics.util.jpa.DbOpenHelper.executeAllScript(DbOpenHelper.java:142) Executing script: dbupdate-019-0.sql 
26 Feb 2025 11:11:17,354 INFO com.sismics.util.jpa.DbOpenHelper.executeAllScript(DbOpenHelper.java:142) Executing script: dbupdate-020-0.sql 
26 Feb 2025 11:11:17,355 INFO com.sismics.util.jpa.DbOpenHelper.executeAllScript(DbOpenHelper.java:142) Executing script: dbupdate-021-0.sql 
26 Feb 2025 11:11:17,357 INFO com.sismics.util.jpa.DbOpenHelper.executeAllScript(DbOpenHelper.java:142) Executing script: dbupdate-022-0.sql 
26 Feb 2025 11:11:17,360 INFO com.sismics.util.jpa.DbOpenHelper.executeAllScript(DbOpenHelper.java:142) Executing script: dbupdate-023-0.sql 
26 Feb 2025 11:11:17,362 INFO com.sismics.util.jpa.DbOpenHelper.executeAllScript(DbOpenHelper.java:142) Executing script: dbupdate-024-0.sql 
26 Feb 2025 11:11:17,363 INFO com.sismics.util.jpa.DbOpenHelper.executeAllScript(DbOpenHelper.java:142) Executing script: dbupdate-025-0.sql 
26 Feb 2025 11:11:17,364 INFO com.sismics.util.jpa.DbOpenHelper.executeAllScript(DbOpenHelper.java:142) Executing script: dbupdate-026-0.sql 
26 Feb 2025 11:11:17,364 INFO com.sismics.util.jpa.DbOpenHelper.executeAllScript(DbOpenHelper.java:142) Executing script: dbupdate-027-0.sql 
26 Feb 2025 11:11:17,365 INFO com.sismics.util.jpa.DbOpenHelper.executeAllScript(DbOpenHelper.java:142) Executing script: dbupdate-028-0.sql 
26 Feb 2025 11:11:17,365 INFO com.sismics.util.jpa.DbOpenHelper.executeAllScript(DbOpenHelper.java:142) Executing script: dbupdate-029-0.sql 
26 Feb 2025 11:11:17,391 INFO com.sismics.util.jpa.DbOpenHelper.executeAllScript(DbOpenHelper.java:142) Executing script: dbupdate-030-0.sql 
26 Feb 2025 11:11:17,391 INFO com.sismics.util.jpa.DbOpenHelper.executeAllScript(DbOpenHelper.java:142) Executing script: dbupdate-031-0.sql 
26 Feb 2025 11:11:17,392 INFO com.sismics.util.jpa.DbOpenHelper.open(DbOpenHelper.java:108) Database upgrade complete 
26 Feb 2025 11:11:17,392 INFO com.sismics.util.jpa.EMF.getEntityManagerProperties(EMF.java:67) Configuring EntityManager from hibernate.properties 
26 Feb 2025 11:11:18,282 INFO com.sismics.util.ClasspathScanner.findClasses(ClasspathScanner.java:48) Found 1 classes for IndexingHandler 
26 Feb 2025 11:11:18,305 INFO com.sismics.docs.core.util.indexing.LuceneIndexingHandler.initLucene(LuceneIndexingHandler.java:129) Using RAM Lucene storage 
26 Feb 2025 11:11:18,351 INFO com.sismics.docs.core.service.FileService.startUp(FileService.java:39) File service starting up 
26 Feb 2025 11:11:18,353 INFO com.sismics.docs.core.service.InboxService.startUp(InboxService.java:52) Inbox service starting up 
26 Feb 2025 11:11:18,353 INFO com.sismics.docs.core.service.FileSizeService.startUp(FileSizeService.java:30) File size service starting up 
26 Feb 2025 11:11:18,516 INFO com.sismics.docs.core.service.FileSizeService.lambda$runOneIteration$0(FileSizeService.java:50) No more file to process, stopping the service 
26 Feb 2025 11:11:18,517 INFO com.sismics.docs.core.service.FileSizeService.shutDown(FileSizeService.java:35) File size service shutting down 
26 Feb 2025 11:11:51,703 INFO com.sismics.util.ClasspathScanner.findClasses(ClasspathScanner.java:48) Found 2 classes for AuthenticationHandler 
26 Feb 2025 11:12:00,487 INFO com.sismics.docs.core.service.InboxService.shutDown(InboxService.java:57) Inbox service shutting down 
26 Feb 2025 11:12:00,488 INFO com.sismics.docs.core.service.FileService.shutDown(FileService.java:44) File service shutting down 
26 Feb 2025 11:26:00,524 INFO com.sismics.util.jpa.EMF.getEntityManagerProperties(EMF.java:67) Configuring EntityManager from hibernate.properties 
26 Feb 2025 11:26:00,747 INFO com.sismics.util.jpa.DbOpenHelper.open(DbOpenHelper.java:57) Opening database and executing incremental updates 
26 Feb 2025 11:26:00,748 INFO com.sismics.util.jpa.DbOpenHelper.open(DbOpenHelper.java:83) Unable to get database version: Table T_CONFIG not found 
26 Feb 2025 11:26:00,748 INFO com.sismics.util.jpa.DbOpenHelper.open(DbOpenHelper.java:98) Executing initial schema creation script 
26 Feb 2025 11:26:00,749 INFO com.sismics.util.jpa.DbOpenHelper.executeAllScript(DbOpenHelper.java:142) Executing script: dbupdate-000-0.sql 
26 Feb 2025 11:26:00,772 INFO com.sismics.util.jpa.DbOpenHelper.executeAllScript(DbOpenHelper.java:142) Executing script: dbupdate-000-1.sql 
26 Feb 2025 11:26:00,774 INFO com.sismics.util.jpa.DbOpenHelper.open(DbOpenHelper.java:106) Found database version 0, new version is 31, executing database incremental update scripts 
26 Feb 2025 11:26:00,775 INFO com.sismics.util.jpa.DbOpenHelper.executeAllScript(DbOpenHelper.java:142) Executing script: dbupdate-001-0.sql 
26 Feb 2025 11:26:00,784 INFO com.sismics.util.jpa.DbOpenHelper.executeAllScript(DbOpenHelper.java:142) Executing script: dbupdate-002-0.sql 
26 Feb 2025 11:26:00,787 INFO com.sismics.util.jpa.DbOpenHelper.executeAllScript(DbOpenHelper.java:142) Executing script: dbupdate-003-0.sql 
26 Feb 2025 11:26:00,788 INFO com.sismics.util.jpa.DbOpenHelper.executeAllScript(DbOpenHelper.java:142) Executing script: dbupdate-004-0.sql 
26 Feb 2025 11:26:00,793 INFO com.sismics.util.jpa.DbOpenHelper.executeAllScript(DbOpenHelper.java:142) Executing script: dbupdate-005-0.sql 
26 Feb 2025 11:26:00,793 INFO com.sismics.util.jpa.DbOpenHelper.executeAllScript(DbOpenHelper.java:142) Executing script: dbupdate-006-0.sql 
26 Feb 2025 11:26:00,854 INFO com.sismics.util.jpa.DbOpenHelper.executeAllScript(DbOpenHelper.java:142) Executing script: dbupdate-007-0.sql 
26 Feb 2025 11:26:00,855 INFO com.sismics.util.jpa.DbOpenHelper.executeAllScript(DbOpenHelper.java:142) Executing script: dbupdate-008-0.sql 
26 Feb 2025 11:26:00,856 INFO com.sismics.util.jpa.DbOpenHelper.executeAllScript(DbOpenHelper.java:142) Executing script: dbupdate-009-0.sql 
26 Feb 2025 11:26:00,858 INFO com.sismics.util.jpa.DbOpenHelper.executeAllScript(DbOpenHelper.java:142) Executing script: dbupdate-010-0.sql 
26 Feb 2025 11:26:00,859 INFO com.sismics.util.jpa.DbOpenHelper.executeAllScript(DbOpenHelper.java:142) Executing script: dbupdate-011-0.sql 
26 Feb 2025 11:26:00,862 INFO com.sismics.util.jpa.DbOpenHelper.executeAllScript(DbOpenHelper.java:142) Executing script: dbupdate-012-0.sql 
26 Feb 2025 11:26:00,864 INFO com.sismics.util.jpa.DbOpenHelper.executeAllScript(DbOpenHelper.java:142) Executing script: dbupdate-013-0.sql 
26 Feb 2025 11:26:00,865 INFO com.sismics.util.jpa.DbOpenHelper.executeAllScript(DbOpenHelper.java:142) Executing script: dbupdate-014-0.sql 
26 Feb 2025 11:26:00,867 INFO com.sismics.util.jpa.DbOpenHelper.executeAllScript(DbOpenHelper.java:142) Executing script: dbupdate-015-0.sql 
26 Feb 2025 11:26:00,872 INFO com.sismics.util.jpa.DbOpenHelper.executeAllScript(DbOpenHelper.java:142) Executing script: dbupdate-016-0.sql 
26 Feb 2025 11:26:00,872 INFO com.sismics.util.jpa.DbOpenHelper.executeAllScript(DbOpenHelper.java:142) Executing script: dbupdate-017-0.sql 
26 Feb 2025 11:26:00,873 INFO com.sismics.util.jpa.DbOpenHelper.executeAllScript(DbOpenHelper.java:142) Executing script: dbupdate-018-0.sql 
26 Feb 2025 11:26:00,880 INFO com.sismics.util.jpa.DbOpenHelper.executeAllScript(DbOpenHelper.java:142) Executing script: dbupdate-019-0.sql 
26 Feb 2025 11:26:00,880 INFO com.sismics.util.jpa.DbOpenHelper.executeAllScript(DbOpenHelper.java:142) Executing script: dbupdate-020-0.sql 
26 Feb 2025 11:26:00,881 INFO com.sismics.util.jpa.DbOpenHelper.executeAllScript(DbOpenHelper.java:142) Executing script: dbupdate-021-0.sql 
26 Feb 2025 11:26:00,883 INFO com.sismics.util.jpa.DbOpenHelper.executeAllScript(DbOpenHelper.java:142) Executing script: dbupdate-022-0.sql 
26 Feb 2025 11:26:00,886 INFO com.sismics.util.jpa.DbOpenHelper.executeAllScript(DbOpenHelper.java:142) Executing script: dbupdate-023-0.sql 
26 Feb 2025 11:26:00,888 INFO com.sismics.util.jpa.DbOpenHelper.executeAllScript(DbOpenHelper.java:142) Executing script: dbupdate-024-0.sql 
26 Feb 2025 11:26:00,889 INFO com.sismics.util.jpa.DbOpenHelper.executeAllScript(DbOpenHelper.java:142) Executing script: dbupdate-025-0.sql 
26 Feb 2025 11:26:00,890 INFO com.sismics.util.jpa.DbOpenHelper.executeAllScript(DbOpenHelper.java:142) Executing script: dbupdate-026-0.sql 
26 Feb 2025 11:26:00,890 INFO com.sismics.util.jpa.DbOpenHelper.executeAllScript(DbOpenHelper.java:142) Executing script: dbupdate-027-0.sql 
26 Feb 2025 11:26:00,891 INFO com.sismics.util.jpa.DbOpenHelper.executeAllScript(DbOpenHelper.java:142) Executing script: dbupdate-028-0.sql 
26 Feb 2025 11:26:00,892 INFO com.sismics.util.jpa.DbOpenHelper.executeAllScript(DbOpenHelper.java:142) Executing script: dbupdate-029-0.sql 
26 Feb 2025 11:26:00,904 INFO com.sismics.util.jpa.DbOpenHelper.executeAllScript(DbOpenHelper.java:142) Executing script: dbupdate-030-0.sql 
26 Feb 2025 11:26:00,904 INFO com.sismics.util.jpa.DbOpenHelper.executeAllScript(DbOpenHelper.java:142) Executing script: dbupdate-031-0.sql 
26 Feb 2025 11:26:00,905 INFO com.sismics.util.jpa.DbOpenHelper.open(DbOpenHelper.java:108) Database upgrade complete 
26 Feb 2025 11:26:00,905 INFO com.sismics.util.jpa.EMF.getEntityManagerProperties(EMF.java:67) Configuring EntityManager from hibernate.properties 
26 Feb 2025 11:26:01,735 INFO com.sismics.util.ClasspathScanner.findClasses(ClasspathScanner.java:48) Found 1 classes for IndexingHandler 
26 Feb 2025 11:26:01,753 INFO com.sismics.docs.core.util.indexing.LuceneIndexingHandler.initLucene(LuceneIndexingHandler.java:129) Using RAM Lucene storage 
26 Feb 2025 11:26:01,789 INFO com.sismics.docs.core.service.FileService.startUp(FileService.java:39) File service starting up 
26 Feb 2025 11:26:01,793 INFO com.sismics.docs.core.service.InboxService.startUp(InboxService.java:52) Inbox service starting up 
26 Feb 2025 11:26:01,793 INFO com.sismics.docs.core.service.FileSizeService.startUp(FileSizeService.java:30) File size service starting up 
26 Feb 2025 11:26:01,935 INFO com.sismics.docs.core.service.FileSizeService.lambda$runOneIteration$0(FileSizeService.java:50) No more file to process, stopping the service 
26 Feb 2025 11:26:01,935 INFO com.sismics.docs.core.service.FileSizeService.shutDown(FileSizeService.java:35) File size service shutting down 
26 Feb 2025 11:26:28,459 INFO com.sismics.util.ClasspathScanner.findClasses(ClasspathScanner.java:48) Found 2 classes for AuthenticationHandler 
26 Feb 2025 11:26:56,751 INFO com.sismics.docs.core.listener.async.DocumentCreatedAsyncListener.on(DocumentCreatedAsyncListener.java:35) Document created event: DocumentCreatedAsyncEvent{documentId=c7120182-096c-4f7f-9208-e3ec2f18590c} 
26 Feb 2025 11:29:31,011 INFO com.sismics.docs.core.service.InboxService.shutDown(InboxService.java:57) Inbox service shutting down 
26 Feb 2025 11:29:31,012 INFO com.sismics.docs.core.service.FileService.shutDown(FileService.java:44) File service shutting down 
26 Feb 2025 11:59:55,676 INFO com.sismics.util.jpa.EMF.getEntityManagerProperties(EMF.java:67) Configuring EntityManager from hibernate.properties 
26 Feb 2025 11:59:55,832 ERROR com.sismics.util.jpa.EMF.<clinit>(EMF.java:58) Error creating EMF 
org.hibernate.service.spi.ServiceException: Unable to create requested service [org.hibernate.engine.jdbc.env.spi.JdbcEnvironment] due to: Unable to make JDBC Connection [jdbc:h2./data/docs]
	at org.hibernate.service.internal.AbstractServiceRegistryImpl.createService(AbstractServiceRegistryImpl.java:276)
	at org.hibernate.service.internal.AbstractServiceRegistryImpl.initializeService(AbstractServiceRegistryImpl.java:238)
	at org.hibernate.service.internal.AbstractServiceRegistryImpl.getService(AbstractServiceRegistryImpl.java:215)
	at org.hibernate.engine.jdbc.internal.JdbcServicesImpl.configure(JdbcServicesImpl.java:52)
	at org.hibernate.boot.registry.internal.StandardServiceRegistryImpl.configureService(StandardServiceRegistryImpl.java:135)
	at org.hibernate.service.internal.AbstractServiceRegistryImpl.initializeService(AbstractServiceRegistryImpl.java:247)
	at org.hibernate.service.internal.AbstractServiceRegistryImpl.getService(AbstractServiceRegistryImpl.java:215)
	at com.sismics.util.jpa.DbOpenHelper.<init>(DbOpenHelper.java:50)
	at com.sismics.util.jpa.EMF$1.<init>(EMF.java:40)
	at com.sismics.util.jpa.EMF.<clinit>(EMF.java:40)
	at com.sismics.docs.core.util.TransactionUtil.handle(TransactionUtil.java:37)
	at com.sismics.util.filter.RequestContextFilter.init(RequestContextFilter.java:65)
	at org.eclipse.jetty.servlet.FilterHolder.initialize(FilterHolder.java:133)
	at org.eclipse.jetty.servlet.ServletHandler.lambda$initialize$2(ServletHandler.java:725)
	at java.base/java.util.ArrayList$ArrayListSpliterator.forEachRemaining(ArrayList.java:1708)
	at java.base/java.util.stream.Streams$ConcatSpliterator.forEachRemaining(Streams.java:734)
	at java.base/java.util.stream.ReferencePipeline$Head.forEach(ReferencePipeline.java:762)
	at org.eclipse.jetty.servlet.ServletHandler.initialize(ServletHandler.java:749)
	at org.eclipse.jetty.servlet.ServletContextHandler.startContext(ServletContextHandler.java:392)
	at org.eclipse.jetty.webapp.WebAppContext.startContext(WebAppContext.java:1305)
	at org.eclipse.jetty.server.handler.ContextHandler.doStart(ContextHandler.java:902)
	at org.eclipse.jetty.servlet.ServletContextHandler.doStart(ServletContextHandler.java:306)
	at org.eclipse.jetty.webapp.WebAppContext.doStart(WebAppContext.java:533)
	at org.eclipse.jetty.maven.plugin.MavenWebAppContext.doStart(MavenWebAppContext.java:294)
	at org.eclipse.jetty.util.component.AbstractLifeCycle.start(AbstractLifeCycle.java:93)
	at org.eclipse.jetty.util.component.ContainerLifeCycle.start(ContainerLifeCycle.java:171)
	at org.eclipse.jetty.util.component.ContainerLifeCycle.doStart(ContainerLifeCycle.java:121)
	at org.eclipse.jetty.server.handler.AbstractHandler.doStart(AbstractHandler.java:89)
	at org.eclipse.jetty.util.component.AbstractLifeCycle.start(AbstractLifeCycle.java:93)
	at org.eclipse.jetty.util.component.ContainerLifeCycle.start(ContainerLifeCycle.java:171)
	at org.eclipse.jetty.util.component.ContainerLifeCycle.doStart(ContainerLifeCycle.java:121)
	at org.eclipse.jetty.server.handler.AbstractHandler.doStart(AbstractHandler.java:89)
	at org.eclipse.jetty.util.component.AbstractLifeCycle.start(AbstractLifeCycle.java:93)
	at org.eclipse.jetty.util.component.ContainerLifeCycle.start(ContainerLifeCycle.java:171)
	at org.eclipse.jetty.server.Server.start(Server.java:470)
	at org.eclipse.jetty.util.component.ContainerLifeCycle.doStart(ContainerLifeCycle.java:114)
	at org.eclipse.jetty.server.handler.AbstractHandler.doStart(AbstractHandler.java:89)
	at org.eclipse.jetty.server.Server.doStart(Server.java:415)
	at org.eclipse.jetty.util.component.AbstractLifeCycle.start(AbstractLifeCycle.java:93)
	at org.eclipse.jetty.maven.plugin.JettyEmbedder.doStart(JettyEmbedder.java:224)
	at org.eclipse.jetty.util.component.AbstractLifeCycle.start(AbstractLifeCycle.java:93)
	at org.eclipse.jetty.maven.plugin.JettyRunMojo.startJettyEmbedded(JettyRunMojo.java:97)
	at org.eclipse.jetty.maven.plugin.AbstractWebAppMojo.startJetty(AbstractWebAppMojo.java:441)
	at org.eclipse.jetty.maven.plugin.AbstractWebAppMojo.execute(AbstractWebAppMojo.java:419)
	at org.eclipse.jetty.maven.plugin.JettyRunMojo.execute(JettyRunMojo.java:85)
	at org.apache.maven.plugin.DefaultBuildPluginManager.executeMojo(DefaultBuildPluginManager.java:126)
	at org.apache.maven.lifecycle.internal.MojoExecutor.doExecute2(MojoExecutor.java:328)
	at org.apache.maven.lifecycle.internal.MojoExecutor.doExecute(MojoExecutor.java:316)
	at org.apache.maven.lifecycle.internal.MojoExecutor.execute(MojoExecutor.java:212)
	at org.apache.maven.lifecycle.internal.MojoExecutor.execute(MojoExecutor.java:174)
	at org.apache.maven.lifecycle.internal.MojoExecutor.access$000(MojoExecutor.java:75)
	at org.apache.maven.lifecycle.internal.MojoExecutor$1.run(MojoExecutor.java:162)
	at org.apache.maven.plugin.DefaultMojosExecutionStrategy.execute(DefaultMojosExecutionStrategy.java:39)
	at org.apache.maven.lifecycle.internal.MojoExecutor.execute(MojoExecutor.java:159)
	at org.apache.maven.lifecycle.internal.LifecycleModuleBuilder.buildProject(LifecycleModuleBuilder.java:105)
	at org.apache.maven.lifecycle.internal.LifecycleModuleBuilder.buildProject(LifecycleModuleBuilder.java:73)
	at org.apache.maven.lifecycle.internal.builder.singlethreaded.SingleThreadedBuilder.build(SingleThreadedBuilder.java:53)
	at org.apache.maven.lifecycle.internal.LifecycleStarter.execute(LifecycleStarter.java:118)
	at org.apache.maven.DefaultMaven.doExecute(DefaultMaven.java:261)
	at org.apache.maven.DefaultMaven.doExecute(DefaultMaven.java:173)
	at org.apache.maven.DefaultMaven.execute(DefaultMaven.java:101)
	at org.apache.maven.cli.MavenCli.execute(MavenCli.java:906)
	at org.apache.maven.cli.MavenCli.doMain(MavenCli.java:283)
	at org.apache.maven.cli.MavenCli.main(MavenCli.java:206)
	at java.base/jdk.internal.reflect.DirectMethodHandleAccessor.invoke(DirectMethodHandleAccessor.java:103)
	at java.base/java.lang.reflect.Method.invoke(Method.java:580)
	at org.codehaus.plexus.classworlds.launcher.Launcher.launchEnhanced(Launcher.java:255)
	at org.codehaus.plexus.classworlds.launcher.Launcher.launch(Launcher.java:201)
	at org.codehaus.plexus.classworlds.launcher.Launcher.mainWithExitCode(Launcher.java:361)
	at org.codehaus.plexus.classworlds.launcher.Launcher.main(Launcher.java:314)
Caused by: org.hibernate.HibernateException: Unable to make JDBC Connection [jdbc:h2./data/docs]
	at org.hibernate.engine.jdbc.connections.internal.BasicConnectionCreator.createConnection(BasicConnectionCreator.java:63)
	at org.hibernate.engine.jdbc.connections.internal.DriverManagerConnectionProviderImpl$PooledConnections.addConnections(DriverManagerConnectionProviderImpl.java:494)
	at org.hibernate.engine.jdbc.connections.internal.DriverManagerConnectionProviderImpl$PooledConnections.<init>(DriverManagerConnectionProviderImpl.java:367)
	at org.hibernate.engine.jdbc.connections.internal.DriverManagerConnectionProviderImpl$PooledConnections$Builder.build(DriverManagerConnectionProviderImpl.java:545)
	at org.hibernate.engine.jdbc.connections.internal.DriverManagerConnectionProviderImpl.buildPool(DriverManagerConnectionProviderImpl.java:101)
	at org.hibernate.engine.jdbc.connections.internal.DriverManagerConnectionProviderImpl.configure(DriverManagerConnectionProviderImpl.java:81)
	at org.hibernate.boot.registry.internal.StandardServiceRegistryImpl.configureService(StandardServiceRegistryImpl.java:135)
	at org.hibernate.service.internal.AbstractServiceRegistryImpl.initializeService(AbstractServiceRegistryImpl.java:247)
	at org.hibernate.service.internal.AbstractServiceRegistryImpl.getService(AbstractServiceRegistryImpl.java:215)
	at org.hibernate.engine.jdbc.env.internal.JdbcEnvironmentInitiator.buildJdbcConnectionAccess(JdbcEnvironmentInitiator.java:391)
	at org.hibernate.engine.jdbc.env.internal.JdbcEnvironmentInitiator.getJdbcEnvironmentUsingJdbcMetadata(JdbcEnvironmentInitiator.java:259)
	at org.hibernate.engine.jdbc.env.internal.JdbcEnvironmentInitiator.initiateService(JdbcEnvironmentInitiator.java:105)
	at org.hibernate.engine.jdbc.env.internal.JdbcEnvironmentInitiator.initiateService(JdbcEnvironmentInitiator.java:66)
	at org.hibernate.boot.registry.internal.StandardServiceRegistryImpl.initiateService(StandardServiceRegistryImpl.java:129)
	at org.hibernate.service.internal.AbstractServiceRegistryImpl.createService(AbstractServiceRegistryImpl.java:263)
	... 69 more
26 Feb 2025 11:59:55,836 ERROR com.sismics.docs.core.util.TransactionUtil.handle(TransactionUtil.java:39) Cannot create entity manager 
java.lang.NullPointerException: Cannot invoke "jakarta.persistence.EntityManagerFactory.createEntityManager()" because the return value of "com.sismics.util.jpa.EMF.get()" is null
	at com.sismics.docs.core.util.TransactionUtil.handle(TransactionUtil.java:37)
	at com.sismics.util.filter.RequestContextFilter.init(RequestContextFilter.java:65)
	at org.eclipse.jetty.servlet.FilterHolder.initialize(FilterHolder.java:133)
	at org.eclipse.jetty.servlet.ServletHandler.lambda$initialize$2(ServletHandler.java:725)
	at java.base/java.util.ArrayList$ArrayListSpliterator.forEachRemaining(ArrayList.java:1708)
	at java.base/java.util.stream.Streams$ConcatSpliterator.forEachRemaining(Streams.java:734)
	at java.base/java.util.stream.ReferencePipeline$Head.forEach(ReferencePipeline.java:762)
	at org.eclipse.jetty.servlet.ServletHandler.initialize(ServletHandler.java:749)
	at org.eclipse.jetty.servlet.ServletContextHandler.startContext(ServletContextHandler.java:392)
	at org.eclipse.jetty.webapp.WebAppContext.startContext(WebAppContext.java:1305)
	at org.eclipse.jetty.server.handler.ContextHandler.doStart(ContextHandler.java:902)
	at org.eclipse.jetty.servlet.ServletContextHandler.doStart(ServletContextHandler.java:306)
	at org.eclipse.jetty.webapp.WebAppContext.doStart(WebAppContext.java:533)
	at org.eclipse.jetty.maven.plugin.MavenWebAppContext.doStart(MavenWebAppContext.java:294)
	at org.eclipse.jetty.util.component.AbstractLifeCycle.start(AbstractLifeCycle.java:93)
	at org.eclipse.jetty.util.component.ContainerLifeCycle.start(ContainerLifeCycle.java:171)
	at org.eclipse.jetty.util.component.ContainerLifeCycle.doStart(ContainerLifeCycle.java:121)
	at org.eclipse.jetty.server.handler.AbstractHandler.doStart(AbstractHandler.java:89)
	at org.eclipse.jetty.util.component.AbstractLifeCycle.start(AbstractLifeCycle.java:93)
	at org.eclipse.jetty.util.component.ContainerLifeCycle.start(ContainerLifeCycle.java:171)
	at org.eclipse.jetty.util.component.ContainerLifeCycle.doStart(ContainerLifeCycle.java:121)
	at org.eclipse.jetty.server.handler.AbstractHandler.doStart(AbstractHandler.java:89)
	at org.eclipse.jetty.util.component.AbstractLifeCycle.start(AbstractLifeCycle.java:93)
	at org.eclipse.jetty.util.component.ContainerLifeCycle.start(ContainerLifeCycle.java:171)
	at org.eclipse.jetty.server.Server.start(Server.java:470)
	at org.eclipse.jetty.util.component.ContainerLifeCycle.doStart(ContainerLifeCycle.java:114)
	at org.eclipse.jetty.server.handler.AbstractHandler.doStart(AbstractHandler.java:89)
	at org.eclipse.jetty.server.Server.doStart(Server.java:415)
	at org.eclipse.jetty.util.component.AbstractLifeCycle.start(AbstractLifeCycle.java:93)
	at org.eclipse.jetty.maven.plugin.JettyEmbedder.doStart(JettyEmbedder.java:224)
	at org.eclipse.jetty.util.component.AbstractLifeCycle.start(AbstractLifeCycle.java:93)
	at org.eclipse.jetty.maven.plugin.JettyRunMojo.startJettyEmbedded(JettyRunMojo.java:97)
	at org.eclipse.jetty.maven.plugin.AbstractWebAppMojo.startJetty(AbstractWebAppMojo.java:441)
	at org.eclipse.jetty.maven.plugin.AbstractWebAppMojo.execute(AbstractWebAppMojo.java:419)
	at org.eclipse.jetty.maven.plugin.JettyRunMojo.execute(JettyRunMojo.java:85)
	at org.apache.maven.plugin.DefaultBuildPluginManager.executeMojo(DefaultBuildPluginManager.java:126)
	at org.apache.maven.lifecycle.internal.MojoExecutor.doExecute2(MojoExecutor.java:328)
	at org.apache.maven.lifecycle.internal.MojoExecutor.doExecute(MojoExecutor.java:316)
	at org.apache.maven.lifecycle.internal.MojoExecutor.execute(MojoExecutor.java:212)
	at org.apache.maven.lifecycle.internal.MojoExecutor.execute(MojoExecutor.java:174)
	at org.apache.maven.lifecycle.internal.MojoExecutor.access$000(MojoExecutor.java:75)
	at org.apache.maven.lifecycle.internal.MojoExecutor$1.run(MojoExecutor.java:162)
	at org.apache.maven.plugin.DefaultMojosExecutionStrategy.execute(DefaultMojosExecutionStrategy.java:39)
	at org.apache.maven.lifecycle.internal.MojoExecutor.execute(MojoExecutor.java:159)
	at org.apache.maven.lifecycle.internal.LifecycleModuleBuilder.buildProject(LifecycleModuleBuilder.java:105)
	at org.apache.maven.lifecycle.internal.LifecycleModuleBuilder.buildProject(LifecycleModuleBuilder.java:73)
	at org.apache.maven.lifecycle.internal.builder.singlethreaded.SingleThreadedBuilder.build(SingleThreadedBuilder.java:53)
	at org.apache.maven.lifecycle.internal.LifecycleStarter.execute(LifecycleStarter.java:118)
	at org.apache.maven.DefaultMaven.doExecute(DefaultMaven.java:261)
	at org.apache.maven.DefaultMaven.doExecute(DefaultMaven.java:173)
	at org.apache.maven.DefaultMaven.execute(DefaultMaven.java:101)
	at org.apache.maven.cli.MavenCli.execute(MavenCli.java:906)
	at org.apache.maven.cli.MavenCli.doMain(MavenCli.java:283)
	at org.apache.maven.cli.MavenCli.main(MavenCli.java:206)
	at java.base/jdk.internal.reflect.DirectMethodHandleAccessor.invoke(DirectMethodHandleAccessor.java:103)
	at java.base/java.lang.reflect.Method.invoke(Method.java:580)
	at org.codehaus.plexus.classworlds.launcher.Launcher.launchEnhanced(Launcher.java:255)
	at org.codehaus.plexus.classworlds.launcher.Launcher.launch(Launcher.java:201)
	at org.codehaus.plexus.classworlds.launcher.Launcher.mainWithExitCode(Launcher.java:361)
	at org.codehaus.plexus.classworlds.launcher.Launcher.main(Launcher.java:314)
26 Feb 2025 12:01:38,565 INFO com.sismics.util.ClasspathScanner.findClasses(ClasspathScanner.java:48) Found 1 classes for IndexingHandler 
26 Feb 2025 12:01:38,570 INFO com.sismics.docs.core.util.indexing.LuceneIndexingHandler.initLucene(LuceneIndexingHandler.java:129) Using RAM Lucene storage 
26 Feb 2025 12:01:38,603 INFO com.sismics.docs.core.service.FileService.startUp(FileService.java:39) File service starting up 
26 Feb 2025 12:01:38,604 INFO com.sismics.docs.core.service.InboxService.startUp(InboxService.java:52) Inbox service starting up 
26 Feb 2025 12:01:38,604 ERROR com.sismics.docs.core.util.TransactionUtil.handle(TransactionUtil.java:39) Cannot create entity manager 
java.lang.NullPointerException: Cannot invoke "jakarta.persistence.EntityManagerFactory.createEntityManager()" because the return value of "com.sismics.util.jpa.EMF.get()" is null
	at com.sismics.docs.core.util.TransactionUtil.handle(TransactionUtil.java:37)
	at com.sismics.docs.core.service.InboxService.syncInbox(InboxService.java:73)
	at com.sismics.docs.core.service.InboxService.runOneIteration(InboxService.java:63)
	at com.google.common.util.concurrent.AbstractScheduledService$ServiceDelegate$Task.run(AbstractScheduledService.java:233)
	at com.google.common.util.concurrent.Callables.lambda$threadRenaming$3(Callables.java:103)
	at java.base/java.util.concurrent.Executors$RunnableAdapter.call(Executors.java:572)
	at java.base/java.util.concurrent.FutureTask.runAndReset(FutureTask.java:358)
	at java.base/java.util.concurrent.ScheduledThreadPoolExecutor$ScheduledFutureTask.run(ScheduledThreadPoolExecutor.java:305)
	at java.base/java.util.concurrent.ThreadPoolExecutor.runWorker(ThreadPoolExecutor.java:1144)
	at java.base/java.util.concurrent.ThreadPoolExecutor$Worker.run(ThreadPoolExecutor.java:642)
	at java.base/java.lang.Thread.run(Thread.java:1583)
26 Feb 2025 12:01:38,604 INFO com.sismics.docs.core.service.FileSizeService.startUp(FileSizeService.java:30) File size service starting up 
26 Feb 2025 12:01:38,604 ERROR com.sismics.docs.core.service.InboxService.runOneIteration(InboxService.java:65) Exception during inbox synching 
java.lang.NullPointerException: Cannot invoke "jakarta.persistence.EntityManager.getTransaction()" because "em" is null
	at com.sismics.docs.core.util.TransactionUtil.handle(TransactionUtil.java:43)
	at com.sismics.docs.core.service.InboxService.syncInbox(InboxService.java:73)
	at com.sismics.docs.core.service.InboxService.runOneIteration(InboxService.java:63)
	at com.google.common.util.concurrent.AbstractScheduledService$ServiceDelegate$Task.run(AbstractScheduledService.java:233)
	at com.google.common.util.concurrent.Callables.lambda$threadRenaming$3(Callables.java:103)
	at java.base/java.util.concurrent.Executors$RunnableAdapter.call(Executors.java:572)
	at java.base/java.util.concurrent.FutureTask.runAndReset(FutureTask.java:358)
	at java.base/java.util.concurrent.ScheduledThreadPoolExecutor$ScheduledFutureTask.run(ScheduledThreadPoolExecutor.java:305)
	at java.base/java.util.concurrent.ThreadPoolExecutor.runWorker(ThreadPoolExecutor.java:1144)
	at java.base/java.util.concurrent.ThreadPoolExecutor$Worker.run(ThreadPoolExecutor.java:642)
	at java.base/java.lang.Thread.run(Thread.java:1583)
26 Feb 2025 12:01:38,604 ERROR com.sismics.docs.core.util.TransactionUtil.handle(TransactionUtil.java:39) Cannot create entity manager 
java.lang.NullPointerException: Cannot invoke "jakarta.persistence.EntityManagerFactory.createEntityManager()" because the return value of "com.sismics.util.jpa.EMF.get()" is null
	at com.sismics.docs.core.util.TransactionUtil.handle(TransactionUtil.java:37)
	at com.sismics.docs.core.service.FileSizeService.runOneIteration(FileSizeService.java:43)
	at com.google.common.util.concurrent.AbstractScheduledService$ServiceDelegate$Task.run(AbstractScheduledService.java:233)
	at com.google.common.util.concurrent.Callables.lambda$threadRenaming$3(Callables.java:103)
	at java.base/java.util.concurrent.Executors$RunnableAdapter.call(Executors.java:572)
	at java.base/java.util.concurrent.FutureTask.runAndReset(FutureTask.java:358)
	at java.base/java.util.concurrent.ScheduledThreadPoolExecutor$ScheduledFutureTask.run(ScheduledThreadPoolExecutor.java:305)
	at java.base/java.util.concurrent.ThreadPoolExecutor.runWorker(ThreadPoolExecutor.java:1144)
	at java.base/java.util.concurrent.ThreadPoolExecutor$Worker.run(ThreadPoolExecutor.java:642)
	at java.base/java.lang.Thread.run(Thread.java:1583)
26 Feb 2025 12:01:38,605 ERROR com.sismics.docs.core.service.FileSizeService.runOneIteration(FileSizeService.java:55) Exception during file service iteration 
java.lang.NullPointerException: Cannot invoke "jakarta.persistence.EntityManager.getTransaction()" because "em" is null
	at com.sismics.docs.core.util.TransactionUtil.handle(TransactionUtil.java:43)
	at com.sismics.docs.core.service.FileSizeService.runOneIteration(FileSizeService.java:43)
	at com.google.common.util.concurrent.AbstractScheduledService$ServiceDelegate$Task.run(AbstractScheduledService.java:233)
	at com.google.common.util.concurrent.Callables.lambda$threadRenaming$3(Callables.java:103)
	at java.base/java.util.concurrent.Executors$RunnableAdapter.call(Executors.java:572)
	at java.base/java.util.concurrent.FutureTask.runAndReset(FutureTask.java:358)
	at java.base/java.util.concurrent.ScheduledThreadPoolExecutor$ScheduledFutureTask.run(ScheduledThreadPoolExecutor.java:305)
	at java.base/java.util.concurrent.ThreadPoolExecutor.runWorker(ThreadPoolExecutor.java:1144)
	at java.base/java.util.concurrent.ThreadPoolExecutor$Worker.run(ThreadPoolExecutor.java:642)
	at java.base/java.lang.Thread.run(Thread.java:1583)
26 Feb 2025 12:01:38,753 INFO com.sismics.docs.core.service.InboxService.shutDown(InboxService.java:57) Inbox service shutting down 
26 Feb 2025 12:01:38,753 INFO com.sismics.docs.core.service.FileService.shutDown(FileService.java:44) File service shutting down 
26 Feb 2025 12:01:38,753 INFO com.sismics.docs.core.service.FileSizeService.shutDown(FileSizeService.java:35) File size service shutting down 
26 Feb 2025 12:01:42,056 INFO com.sismics.util.jpa.EMF.getEntityManagerProperties(EMF.java:67) Configuring EntityManager from hibernate.properties 
26 Feb 2025 12:01:42,319 INFO com.sismics.util.jpa.DbOpenHelper.open(DbOpenHelper.java:57) Opening database and executing incremental updates 
26 Feb 2025 12:01:42,320 INFO com.sismics.util.jpa.DbOpenHelper.open(DbOpenHelper.java:83) Unable to get database version: Table T_CONFIG not found 
26 Feb 2025 12:01:42,320 INFO com.sismics.util.jpa.DbOpenHelper.open(DbOpenHelper.java:98) Executing initial schema creation script 
26 Feb 2025 12:01:42,322 INFO com.sismics.util.jpa.DbOpenHelper.executeAllScript(DbOpenHelper.java:142) Executing script: dbupdate-000-0.sql 
26 Feb 2025 12:01:42,355 INFO com.sismics.util.jpa.DbOpenHelper.executeAllScript(DbOpenHelper.java:142) Executing script: dbupdate-000-1.sql 
26 Feb 2025 12:01:42,356 INFO com.sismics.util.jpa.DbOpenHelper.open(DbOpenHelper.java:106) Found database version 0, new version is 31, executing database incremental update scripts 
26 Feb 2025 12:01:42,357 INFO com.sismics.util.jpa.DbOpenHelper.executeAllScript(DbOpenHelper.java:142) Executing script: dbupdate-001-0.sql 
26 Feb 2025 12:01:42,380 INFO com.sismics.util.jpa.DbOpenHelper.executeAllScript(DbOpenHelper.java:142) Executing script: dbupdate-002-0.sql 
26 Feb 2025 12:01:42,382 INFO com.sismics.util.jpa.DbOpenHelper.executeAllScript(DbOpenHelper.java:142) Executing script: dbupdate-003-0.sql 
26 Feb 2025 12:01:42,384 INFO com.sismics.util.jpa.DbOpenHelper.executeAllScript(DbOpenHelper.java:142) Executing script: dbupdate-004-0.sql 
26 Feb 2025 12:01:42,389 INFO com.sismics.util.jpa.DbOpenHelper.executeAllScript(DbOpenHelper.java:142) Executing script: dbupdate-005-0.sql 
26 Feb 2025 12:01:42,390 INFO com.sismics.util.jpa.DbOpenHelper.executeAllScript(DbOpenHelper.java:142) Executing script: dbupdate-006-0.sql 
26 Feb 2025 12:01:42,443 INFO com.sismics.util.jpa.DbOpenHelper.executeAllScript(DbOpenHelper.java:142) Executing script: dbupdate-007-0.sql 
26 Feb 2025 12:01:42,444 INFO com.sismics.util.jpa.DbOpenHelper.executeAllScript(DbOpenHelper.java:142) Executing script: dbupdate-008-0.sql 
26 Feb 2025 12:01:42,446 INFO com.sismics.util.jpa.DbOpenHelper.executeAllScript(DbOpenHelper.java:142) Executing script: dbupdate-009-0.sql 
26 Feb 2025 12:01:42,454 INFO com.sismics.util.jpa.DbOpenHelper.executeAllScript(DbOpenHelper.java:142) Executing script: dbupdate-010-0.sql 
26 Feb 2025 12:01:42,455 INFO com.sismics.util.jpa.DbOpenHelper.executeAllScript(DbOpenHelper.java:142) Executing script: dbupdate-011-0.sql 
26 Feb 2025 12:01:42,458 INFO com.sismics.util.jpa.DbOpenHelper.executeAllScript(DbOpenHelper.java:142) Executing script: dbupdate-012-0.sql 
26 Feb 2025 12:01:42,460 INFO com.sismics.util.jpa.DbOpenHelper.executeAllScript(DbOpenHelper.java:142) Executing script: dbupdate-013-0.sql 
26 Feb 2025 12:01:42,461 INFO com.sismics.util.jpa.DbOpenHelper.executeAllScript(DbOpenHelper.java:142) Executing script: dbupdate-014-0.sql 
26 Feb 2025 12:01:42,463 INFO com.sismics.util.jpa.DbOpenHelper.executeAllScript(DbOpenHelper.java:142) Executing script: dbupdate-015-0.sql 
26 Feb 2025 12:01:42,467 INFO com.sismics.util.jpa.DbOpenHelper.executeAllScript(DbOpenHelper.java:142) Executing script: dbupdate-016-0.sql 
26 Feb 2025 12:01:42,468 INFO com.sismics.util.jpa.DbOpenHelper.executeAllScript(DbOpenHelper.java:142) Executing script: dbupdate-017-0.sql 
26 Feb 2025 12:01:42,469 INFO com.sismics.util.jpa.DbOpenHelper.executeAllScript(DbOpenHelper.java:142) Executing script: dbupdate-018-0.sql 
26 Feb 2025 12:01:42,475 INFO com.sismics.util.jpa.DbOpenHelper.executeAllScript(DbOpenHelper.java:142) Executing script: dbupdate-019-0.sql 
26 Feb 2025 12:01:42,475 INFO com.sismics.util.jpa.DbOpenHelper.executeAllScript(DbOpenHelper.java:142) Executing script: dbupdate-020-0.sql 
26 Feb 2025 12:01:42,479 INFO com.sismics.util.jpa.DbOpenHelper.executeAllScript(DbOpenHelper.java:142) Executing script: dbupdate-021-0.sql 
26 Feb 2025 12:01:42,482 INFO com.sismics.util.jpa.DbOpenHelper.executeAllScript(DbOpenHelper.java:142) Executing script: dbupdate-022-0.sql 
26 Feb 2025 12:01:42,485 INFO com.sismics.util.jpa.DbOpenHelper.executeAllScript(DbOpenHelper.java:142) Executing script: dbupdate-023-0.sql 
26 Feb 2025 12:01:42,487 INFO com.sismics.util.jpa.DbOpenHelper.executeAllScript(DbOpenHelper.java:142) Executing script: dbupdate-024-0.sql 
26 Feb 2025 12:01:42,488 INFO com.sismics.util.jpa.DbOpenHelper.executeAllScript(DbOpenHelper.java:142) Executing script: dbupdate-025-0.sql 
26 Feb 2025 12:01:42,489 INFO com.sismics.util.jpa.DbOpenHelper.executeAllScript(DbOpenHelper.java:142) Executing script: dbupdate-026-0.sql 
26 Feb 2025 12:01:42,489 INFO com.sismics.util.jpa.DbOpenHelper.executeAllScript(DbOpenHelper.java:142) Executing script: dbupdate-027-0.sql 
26 Feb 2025 12:01:42,490 INFO com.sismics.util.jpa.DbOpenHelper.executeAllScript(DbOpenHelper.java:142) Executing script: dbupdate-028-0.sql 
26 Feb 2025 12:01:42,490 INFO com.sismics.util.jpa.DbOpenHelper.executeAllScript(DbOpenHelper.java:142) Executing script: dbupdate-029-0.sql 
26 Feb 2025 12:01:42,491 INFO com.sismics.util.jpa.DbOpenHelper.executeAllScript(DbOpenHelper.java:142) Executing script: dbupdate-030-0.sql 
26 Feb 2025 12:01:42,492 INFO com.sismics.util.jpa.DbOpenHelper.executeAllScript(DbOpenHelper.java:142) Executing script: dbupdate-031-0.sql 
26 Feb 2025 12:01:42,492 INFO com.sismics.util.jpa.DbOpenHelper.open(DbOpenHelper.java:108) Database upgrade complete 
26 Feb 2025 12:01:42,492 INFO com.sismics.util.jpa.EMF.getEntityManagerProperties(EMF.java:67) Configuring EntityManager from hibernate.properties 
26 Feb 2025 12:01:43,346 INFO com.sismics.util.ClasspathScanner.findClasses(ClasspathScanner.java:48) Found 1 classes for IndexingHandler 
26 Feb 2025 12:01:43,365 INFO com.sismics.docs.core.util.indexing.LuceneIndexingHandler.initLucene(LuceneIndexingHandler.java:129) Using RAM Lucene storage 
26 Feb 2025 12:01:43,400 INFO com.sismics.docs.core.service.FileService.startUp(FileService.java:39) File service starting up 
26 Feb 2025 12:01:43,402 INFO com.sismics.docs.core.service.InboxService.startUp(InboxService.java:52) Inbox service starting up 
26 Feb 2025 12:01:43,402 INFO com.sismics.docs.core.service.FileSizeService.startUp(FileSizeService.java:30) File size service starting up 
26 Feb 2025 12:01:43,551 INFO com.sismics.docs.core.service.FileSizeService.lambda$runOneIteration$0(FileSizeService.java:50) No more file to process, stopping the service 
26 Feb 2025 12:01:43,552 INFO com.sismics.docs.core.service.FileSizeService.shutDown(FileSizeService.java:35) File size service shutting down 
26 Feb 2025 12:01:54,950 INFO com.sismics.util.ClasspathScanner.findClasses(ClasspathScanner.java:48) Found 2 classes for AuthenticationHandler 
26 Feb 2025 12:02:11,983 INFO com.sismics.docs.core.listener.async.DocumentCreatedAsyncListener.on(DocumentCreatedAsyncListener.java:35) Document created event: DocumentCreatedAsyncEvent{documentId=2f44cb6c-fd9f-4557-9986-8f2c6689642a} 
26 Feb 2025 12:02:17,541 INFO com.sismics.docs.core.service.InboxService.shutDown(InboxService.java:57) Inbox service shutting down 
26 Feb 2025 12:02:17,541 INFO com.sismics.docs.core.service.FileService.shutDown(FileService.java:44) File service shutting down 
26 Feb 2025 12:02:23,734 INFO com.sismics.util.jpa.EMF.getEntityManagerProperties(EMF.java:67) Configuring EntityManager from hibernate.properties 
26 Feb 2025 12:02:24,013 INFO com.sismics.util.jpa.DbOpenHelper.open(DbOpenHelper.java:57) Opening database and executing incremental updates 
26 Feb 2025 12:02:24,015 INFO com.sismics.util.jpa.DbOpenHelper.open(DbOpenHelper.java:106) Found database version 31, new version is 31, executing database incremental update scripts 
26 Feb 2025 12:02:24,015 INFO com.sismics.util.jpa.DbOpenHelper.open(DbOpenHelper.java:108) Database upgrade complete 
26 Feb 2025 12:02:24,015 INFO com.sismics.util.jpa.EMF.getEntityManagerProperties(EMF.java:67) Configuring EntityManager from hibernate.properties 
26 Feb 2025 12:02:24,922 INFO com.sismics.util.ClasspathScanner.findClasses(ClasspathScanner.java:48) Found 1 classes for IndexingHandler 
26 Feb 2025 12:02:24,941 INFO com.sismics.docs.core.util.indexing.LuceneIndexingHandler.initLucene(LuceneIndexingHandler.java:129) Using RAM Lucene storage 
26 Feb 2025 12:02:24,975 INFO com.sismics.docs.core.service.FileService.startUp(FileService.java:39) File service starting up 
26 Feb 2025 12:02:24,976 INFO com.sismics.docs.core.service.InboxService.startUp(InboxService.java:52) Inbox service starting up 
26 Feb 2025 12:02:24,976 INFO com.sismics.docs.core.service.FileSizeService.startUp(FileSizeService.java:30) File size service starting up 
26 Feb 2025 12:02:25,141 INFO com.sismics.docs.core.service.FileSizeService.lambda$runOneIteration$0(FileSizeService.java:50) No more file to process, stopping the service 
26 Feb 2025 12:02:25,141 INFO com.sismics.docs.core.service.FileSizeService.shutDown(FileSizeService.java:35) File size service shutting down 
26 Feb 2025 12:05:20,485 INFO com.sismics.docs.core.service.InboxService.shutDown(InboxService.java:57) Inbox service shutting down 
26 Feb 2025 12:05:20,486 INFO com.sismics.docs.core.service.FileService.shutDown(FileService.java:44) File service shutting down 
26 Feb 2025 12:11:36,869 INFO com.sismics.util.jpa.EMF.getEntityManagerProperties(EMF.java:67) Configuring EntityManager from hibernate.properties 
26 Feb 2025 12:11:37,144 INFO com.sismics.util.jpa.DbOpenHelper.open(DbOpenHelper.java:57) Opening database and executing incremental updates 
26 Feb 2025 12:11:37,146 INFO com.sismics.util.jpa.DbOpenHelper.open(DbOpenHelper.java:106) Found database version 31, new version is 31, executing database incremental update scripts 
26 Feb 2025 12:11:37,147 INFO com.sismics.util.jpa.DbOpenHelper.open(DbOpenHelper.java:108) Database upgrade complete 
26 Feb 2025 12:11:37,147 INFO com.sismics.util.jpa.EMF.getEntityManagerProperties(EMF.java:67) Configuring EntityManager from hibernate.properties 
26 Feb 2025 12:11:38,002 INFO com.sismics.util.ClasspathScanner.findClasses(ClasspathScanner.java:48) Found 1 classes for IndexingHandler 
26 Feb 2025 12:11:38,021 INFO com.sismics.docs.core.util.indexing.LuceneIndexingHandler.initLucene(LuceneIndexingHandler.java:129) Using RAM Lucene storage 
26 Feb 2025 12:11:38,056 INFO com.sismics.docs.core.service.FileService.startUp(FileService.java:39) File service starting up 
26 Feb 2025 12:11:38,058 INFO com.sismics.docs.core.service.InboxService.startUp(InboxService.java:52) Inbox service starting up 
26 Feb 2025 12:11:38,058 INFO com.sismics.docs.core.service.FileSizeService.startUp(FileSizeService.java:30) File size service starting up 
26 Feb 2025 12:11:38,216 INFO com.sismics.docs.core.service.FileSizeService.lambda$runOneIteration$0(FileSizeService.java:50) No more file to process, stopping the service 
26 Feb 2025 12:11:38,217 INFO com.sismics.docs.core.service.FileSizeService.shutDown(FileSizeService.java:35) File size service shutting down 
26 Feb 2025 14:58:23,483 INFO com.sismics.docs.core.service.InboxService.shutDown(InboxService.java:57) Inbox service shutting down 
26 Feb 2025 14:58:23,484 INFO com.sismics.docs.core.service.FileService.shutDown(FileService.java:44) File service shutting down 
12 Mar 2025 11:26:32,784 INFO com.sismics.util.jpa.EMF.getEntityManagerProperties(EMF.java:67) Configuring EntityManager from hibernate.properties 
12 Mar 2025 11:26:33,068 INFO com.sismics.util.jpa.DbOpenHelper.open(DbOpenHelper.java:57) Opening database and executing incremental updates 
12 Mar 2025 11:26:33,070 INFO com.sismics.util.jpa.DbOpenHelper.open(DbOpenHelper.java:106) Found database version 31, new version is 31, executing database incremental update scripts 
12 Mar 2025 11:26:33,070 INFO com.sismics.util.jpa.DbOpenHelper.open(DbOpenHelper.java:108) Database upgrade complete 
12 Mar 2025 11:26:33,070 INFO com.sismics.util.jpa.EMF.getEntityManagerProperties(EMF.java:67) Configuring EntityManager from hibernate.properties 
12 Mar 2025 11:26:33,903 INFO com.sismics.util.ClasspathScanner.findClasses(ClasspathScanner.java:48) Found 1 classes for IndexingHandler 
12 Mar 2025 11:26:33,921 INFO com.sismics.docs.core.util.indexing.LuceneIndexingHandler.initLucene(LuceneIndexingHandler.java:129) Using RAM Lucene storage 
12 Mar 2025 11:26:33,956 INFO com.sismics.docs.core.service.FileService.startUp(FileService.java:39) File service starting up 
12 Mar 2025 11:26:33,958 INFO com.sismics.docs.core.service.InboxService.startUp(InboxService.java:52) Inbox service starting up 
12 Mar 2025 11:26:33,958 INFO com.sismics.docs.core.service.FileSizeService.startUp(FileSizeService.java:30) File size service starting up 
12 Mar 2025 11:26:34,114 INFO com.sismics.docs.core.service.FileSizeService.lambda$runOneIteration$0(FileSizeService.java:50) No more file to process, stopping the service 
12 Mar 2025 11:26:34,115 INFO com.sismics.docs.core.service.FileSizeService.shutDown(FileSizeService.java:35) File size service shutting down 
12 Mar 2025 11:27:31,367 INFO com.sismics.docs.core.service.InboxService.shutDown(InboxService.java:57) Inbox service shutting down 
12 Mar 2025 11:27:31,368 INFO com.sismics.docs.core.service.FileService.shutDown(FileService.java:44) File service shutting down 
12 Mar 2025 11:30:00,054 INFO com.sismics.util.jpa.EMF.getEntityManagerProperties(EMF.java:67) Configuring EntityManager from hibernate.properties 
12 Mar 2025 11:30:00,317 INFO com.sismics.util.jpa.DbOpenHelper.open(DbOpenHelper.java:57) Opening database and executing incremental updates 
12 Mar 2025 11:30:00,319 INFO com.sismics.util.jpa.DbOpenHelper.open(DbOpenHelper.java:106) Found database version 31, new version is 31, executing database incremental update scripts 
12 Mar 2025 11:30:00,319 INFO com.sismics.util.jpa.DbOpenHelper.open(DbOpenHelper.java:108) Database upgrade complete 
12 Mar 2025 11:30:00,319 INFO com.sismics.util.jpa.EMF.getEntityManagerProperties(EMF.java:67) Configuring EntityManager from hibernate.properties 
12 Mar 2025 11:30:01,107 INFO com.sismics.util.ClasspathScanner.findClasses(ClasspathScanner.java:48) Found 1 classes for IndexingHandler 
12 Mar 2025 11:30:01,126 INFO com.sismics.docs.core.util.indexing.LuceneIndexingHandler.initLucene(LuceneIndexingHandler.java:129) Using RAM Lucene storage 
12 Mar 2025 11:30:01,161 INFO com.sismics.docs.core.service.FileService.startUp(FileService.java:39) File service starting up 
12 Mar 2025 11:30:01,162 INFO com.sismics.docs.core.service.InboxService.startUp(InboxService.java:52) Inbox service starting up 
12 Mar 2025 11:30:01,163 INFO com.sismics.docs.core.service.FileSizeService.startUp(FileSizeService.java:30) File size service starting up 
12 Mar 2025 11:30:01,299 INFO com.sismics.docs.core.service.FileSizeService.lambda$runOneIteration$0(FileSizeService.java:50) No more file to process, stopping the service 
12 Mar 2025 11:30:01,300 INFO com.sismics.docs.core.service.FileSizeService.shutDown(FileSizeService.java:35) File size service shutting down 
12 Mar 2025 11:30:44,033 INFO com.sismics.docs.core.service.InboxService.shutDown(InboxService.java:57) Inbox service shutting down 
12 Mar 2025 11:30:44,034 INFO com.sismics.docs.core.service.FileService.shutDown(FileService.java:44) File service shutting down 
12 Mar 2025 11:32:38,954 INFO com.sismics.util.jpa.EMF.getEntityManagerProperties(EMF.java:67) Configuring EntityManager from hibernate.properties 
12 Mar 2025 11:32:39,230 INFO com.sismics.util.jpa.DbOpenHelper.open(DbOpenHelper.java:57) Opening database and executing incremental updates 
12 Mar 2025 11:32:39,232 INFO com.sismics.util.jpa.DbOpenHelper.open(DbOpenHelper.java:106) Found database version 31, new version is 31, executing database incremental update scripts 
12 Mar 2025 11:32:39,233 INFO com.sismics.util.jpa.DbOpenHelper.open(DbOpenHelper.java:108) Database upgrade complete 
12 Mar 2025 11:32:39,233 INFO com.sismics.util.jpa.EMF.getEntityManagerProperties(EMF.java:67) Configuring EntityManager from hibernate.properties 
12 Mar 2025 11:32:40,096 INFO com.sismics.util.ClasspathScanner.findClasses(ClasspathScanner.java:48) Found 1 classes for IndexingHandler 
12 Mar 2025 11:32:40,116 INFO com.sismics.docs.core.util.indexing.LuceneIndexingHandler.initLucene(LuceneIndexingHandler.java:129) Using RAM Lucene storage 
12 Mar 2025 11:32:40,155 INFO com.sismics.docs.core.service.FileService.startUp(FileService.java:39) File service starting up 
12 Mar 2025 11:32:40,156 INFO com.sismics.docs.core.service.InboxService.startUp(InboxService.java:52) Inbox service starting up 
12 Mar 2025 11:32:40,157 INFO com.sismics.docs.core.service.FileSizeService.startUp(FileSizeService.java:30) File size service starting up 
12 Mar 2025 11:32:40,324 INFO com.sismics.docs.core.service.FileSizeService.lambda$runOneIteration$0(FileSizeService.java:50) No more file to process, stopping the service 
12 Mar 2025 11:32:40,325 INFO com.sismics.docs.core.service.FileSizeService.shutDown(FileSizeService.java:35) File size service shutting down 
12 Mar 2025 11:33:06,979 INFO com.sismics.docs.core.service.InboxService.shutDown(InboxService.java:57) Inbox service shutting down 
12 Mar 2025 11:33:06,979 INFO com.sismics.docs.core.service.FileService.shutDown(FileService.java:44) File service shutting down 
12 Mar 2025 11:33:53,315 INFO com.sismics.util.jpa.EMF.getEntityManagerProperties(EMF.java:67) Configuring EntityManager from hibernate.properties 
12 Mar 2025 11:33:53,600 INFO com.sismics.util.jpa.DbOpenHelper.open(DbOpenHelper.java:57) Opening database and executing incremental updates 
12 Mar 2025 11:33:53,602 INFO com.sismics.util.jpa.DbOpenHelper.open(DbOpenHelper.java:106) Found database version 31, new version is 31, executing database incremental update scripts 
12 Mar 2025 11:33:53,602 INFO com.sismics.util.jpa.DbOpenHelper.open(DbOpenHelper.java:108) Database upgrade complete 
12 Mar 2025 11:33:53,603 INFO com.sismics.util.jpa.EMF.getEntityManagerProperties(EMF.java:67) Configuring EntityManager from hibernate.properties 
12 Mar 2025 11:33:54,438 INFO com.sismics.util.ClasspathScanner.findClasses(ClasspathScanner.java:48) Found 1 classes for IndexingHandler 
12 Mar 2025 11:33:54,459 INFO com.sismics.docs.core.util.indexing.LuceneIndexingHandler.initLucene(LuceneIndexingHandler.java:129) Using RAM Lucene storage 
12 Mar 2025 11:33:54,493 INFO com.sismics.docs.core.service.FileService.startUp(FileService.java:39) File service starting up 
12 Mar 2025 11:33:54,495 INFO com.sismics.docs.core.service.InboxService.startUp(InboxService.java:52) Inbox service starting up 
12 Mar 2025 11:33:54,495 INFO com.sismics.docs.core.service.FileSizeService.startUp(FileSizeService.java:30) File size service starting up 
12 Mar 2025 11:33:54,672 INFO com.sismics.docs.core.service.FileSizeService.lambda$runOneIteration$0(FileSizeService.java:50) No more file to process, stopping the service 
12 Mar 2025 11:33:54,672 INFO com.sismics.docs.core.service.FileSizeService.shutDown(FileSizeService.java:35) File size service shutting down 
12 Mar 2025 11:34:20,604 INFO com.sismics.docs.core.service.InboxService.shutDown(InboxService.java:57) Inbox service shutting down 
12 Mar 2025 11:34:20,605 INFO com.sismics.docs.core.service.FileService.shutDown(FileService.java:44) File service shutting down 
12 Mar 2025 11:35:42,180 INFO com.sismics.util.jpa.EMF.getEntityManagerProperties(EMF.java:67) Configuring EntityManager from hibernate.properties 
12 Mar 2025 11:35:42,458 INFO com.sismics.util.jpa.DbOpenHelper.open(DbOpenHelper.java:57) Opening database and executing incremental updates 
12 Mar 2025 11:35:42,461 INFO com.sismics.util.jpa.DbOpenHelper.open(DbOpenHelper.java:106) Found database version 31, new version is 31, executing database incremental update scripts 
12 Mar 2025 11:35:42,461 INFO com.sismics.util.jpa.DbOpenHelper.open(DbOpenHelper.java:108) Database upgrade complete 
12 Mar 2025 11:35:42,461 INFO com.sismics.util.jpa.EMF.getEntityManagerProperties(EMF.java:67) Configuring EntityManager from hibernate.properties 
12 Mar 2025 11:35:43,320 INFO com.sismics.util.ClasspathScanner.findClasses(ClasspathScanner.java:48) Found 1 classes for IndexingHandler 
12 Mar 2025 11:35:43,340 INFO com.sismics.docs.core.util.indexing.LuceneIndexingHandler.initLucene(LuceneIndexingHandler.java:129) Using RAM Lucene storage 
12 Mar 2025 11:35:43,377 INFO com.sismics.docs.core.service.FileService.startUp(FileService.java:39) File service starting up 
12 Mar 2025 11:35:43,378 INFO com.sismics.docs.core.service.InboxService.startUp(InboxService.java:52) Inbox service starting up 
12 Mar 2025 11:35:43,379 INFO com.sismics.docs.core.service.FileSizeService.startUp(FileSizeService.java:30) File size service starting up 
12 Mar 2025 11:35:43,545 INFO com.sismics.docs.core.service.FileSizeService.lambda$runOneIteration$0(FileSizeService.java:50) No more file to process, stopping the service 
12 Mar 2025 11:35:43,545 INFO com.sismics.docs.core.service.FileSizeService.shutDown(FileSizeService.java:35) File size service shutting down 
12 Mar 2025 11:36:07,117 INFO com.sismics.docs.core.service.InboxService.shutDown(InboxService.java:57) Inbox service shutting down 
12 Mar 2025 11:36:07,119 INFO com.sismics.docs.core.service.FileService.shutDown(FileService.java:44) File service shutting down 
12 Mar 2025 11:41:17,235 INFO com.sismics.util.jpa.EMF.getEntityManagerProperties(EMF.java:67) Configuring EntityManager from hibernate.properties 
12 Mar 2025 11:41:17,533 INFO com.sismics.util.jpa.DbOpenHelper.open(DbOpenHelper.java:57) Opening database and executing incremental updates 
12 Mar 2025 11:41:17,535 INFO com.sismics.util.jpa.DbOpenHelper.open(DbOpenHelper.java:106) Found database version 31, new version is 31, executing database incremental update scripts 
12 Mar 2025 11:41:17,535 INFO com.sismics.util.jpa.DbOpenHelper.open(DbOpenHelper.java:108) Database upgrade complete 
12 Mar 2025 11:41:17,535 INFO com.sismics.util.jpa.EMF.getEntityManagerProperties(EMF.java:67) Configuring EntityManager from hibernate.properties 
12 Mar 2025 11:41:18,457 INFO com.sismics.util.ClasspathScanner.findClasses(ClasspathScanner.java:48) Found 1 classes for IndexingHandler 
12 Mar 2025 11:41:18,483 INFO com.sismics.docs.core.util.indexing.LuceneIndexingHandler.initLucene(LuceneIndexingHandler.java:129) Using RAM Lucene storage 
12 Mar 2025 11:41:18,524 INFO com.sismics.docs.core.service.FileService.startUp(FileService.java:39) File service starting up 
12 Mar 2025 11:41:18,526 INFO com.sismics.docs.core.service.InboxService.startUp(InboxService.java:52) Inbox service starting up 
12 Mar 2025 11:41:18,526 INFO com.sismics.docs.core.service.FileSizeService.startUp(FileSizeService.java:30) File size service starting up 
12 Mar 2025 11:41:18,698 INFO com.sismics.docs.core.service.FileSizeService.lambda$runOneIteration$0(FileSizeService.java:50) No more file to process, stopping the service 
12 Mar 2025 11:41:18,699 INFO com.sismics.docs.core.service.FileSizeService.shutDown(FileSizeService.java:35) File size service shutting down 
12 Mar 2025 11:41:52,522 INFO com.sismics.docs.core.service.InboxService.shutDown(InboxService.java:57) Inbox service shutting down 
12 Mar 2025 11:41:52,522 INFO com.sismics.docs.core.service.FileService.shutDown(FileService.java:44) File service shutting down 
20 Apr 2025 14:49:52,245 INFO com.sismics.util.jpa.EMF.getEntityManagerProperties(EMF.java:67) Configuring EntityManager from hibernate.properties 
20 Apr 2025 14:49:52,569 INFO com.sismics.util.jpa.DbOpenHelper.open(DbOpenHelper.java:57) Opening database and executing incremental updates 
20 Apr 2025 14:49:52,571 INFO com.sismics.util.jpa.DbOpenHelper.open(DbOpenHelper.java:106) Found database version 31, new version is 31, executing database incremental update scripts 
20 Apr 2025 14:49:52,571 INFO com.sismics.util.jpa.DbOpenHelper.open(DbOpenHelper.java:108) Database upgrade complete 
20 Apr 2025 14:49:52,571 INFO com.sismics.util.jpa.EMF.getEntityManagerProperties(EMF.java:67) Configuring EntityManager from hibernate.properties 
20 Apr 2025 14:49:53,518 INFO com.sismics.util.ClasspathScanner.findClasses(ClasspathScanner.java:48) Found 1 classes for IndexingHandler 
20 Apr 2025 14:49:53,541 INFO com.sismics.docs.core.util.indexing.LuceneIndexingHandler.initLucene(LuceneIndexingHandler.java:129) Using RAM Lucene storage 
20 Apr 2025 14:49:53,586 INFO com.sismics.docs.core.service.FileService.startUp(FileService.java:39) File service starting up 
20 Apr 2025 14:49:53,588 INFO com.sismics.docs.core.service.InboxService.startUp(InboxService.java:52) Inbox service starting up 
20 Apr 2025 14:49:53,588 INFO com.sismics.docs.core.service.FileSizeService.startUp(FileSizeService.java:30) File size service starting up 
20 Apr 2025 14:49:53,731 INFO com.sismics.docs.core.service.FileSizeService.lambda$runOneIteration$0(FileSizeService.java:50) No more file to process, stopping the service 
20 Apr 2025 14:49:53,731 INFO com.sismics.docs.core.service.FileSizeService.shutDown(FileSizeService.java:35) File size service shutting down 
20 Apr 2025 14:50:06,201 INFO com.sismics.util.ClasspathScanner.findClasses(ClasspathScanner.java:48) Found 2 classes for AuthenticationHandler 
20 Apr 2025 14:50:11,518 INFO com.sismics.docs.core.util.FileUtil.startProcessingFile(FileUtil.java:225) Processing started for file: d1d4921a-4bcc-470e-a06a-85ef40db038b 
20 Apr 2025 14:50:11,531 INFO com.sismics.docs.core.listener.async.DocumentUpdatedAsyncListener.on(DocumentUpdatedAsyncListener.java:39) Document updated event: DocumentUpdatedAsyncEvent{documentId=2f44cb6c-fd9f-4557-9986-8f2c6689642a} 
20 Apr 2025 14:50:11,531 INFO com.sismics.docs.core.listener.async.FileProcessingAsyncListener.on(FileProcessingAsyncListener.java:53) File created event: FileCreatedAsyncEvent{fileId=d1d4921a-4bcc-470e-a06a-85ef40db038b, language=eng} 
20 Apr 2025 14:50:11,620 INFO com.sismics.util.ClasspathScanner.findClasses(ClasspathScanner.java:48) Found 7 classes for FormatHandler 
20 Apr 2025 14:50:12,522 INFO com.sismics.docs.core.listener.async.FileProcessingAsyncListener.extractContent(FileProcessingAsyncListener.java:176) Start extracting content from: File{id=d1d4921a-4bcc-470e-a06a-85ef40db038b, name=Bibliography  .docx} 
20 Apr 2025 14:50:12,550 INFO com.sismics.docs.core.listener.async.FileProcessingAsyncListener.extractContent(FileProcessingAsyncListener.java:182) File content extracted in 28ms: d1d4921a-4bcc-470e-a06a-85ef40db038b 
20 Apr 2025 14:50:12,557 INFO com.sismics.docs.core.util.FileUtil.endProcessingFile(FileUtil.java:235) Processing ended for file: d1d4921a-4bcc-470e-a06a-85ef40db038b 
20 Apr 2025 14:50:47,460 INFO com.sismics.docs.core.service.InboxService.shutDown(InboxService.java:57) Inbox service shutting down 
20 Apr 2025 14:50:47,462 INFO com.sismics.docs.core.service.FileService.shutDown(FileService.java:44) File service shutting down 
20 Apr 2025 14:52:18,921 INFO com.sismics.util.jpa.EMF.getEntityManagerProperties(EMF.java:67) Configuring EntityManager from hibernate.properties 
20 Apr 2025 14:52:19,214 INFO com.sismics.util.jpa.DbOpenHelper.open(DbOpenHelper.java:57) Opening database and executing incremental updates 
20 Apr 2025 14:52:19,216 INFO com.sismics.util.jpa.DbOpenHelper.open(DbOpenHelper.java:106) Found database version 31, new version is 31, executing database incremental update scripts 
20 Apr 2025 14:52:19,216 INFO com.sismics.util.jpa.DbOpenHelper.open(DbOpenHelper.java:108) Database upgrade complete 
20 Apr 2025 14:52:19,216 INFO com.sismics.util.jpa.EMF.getEntityManagerProperties(EMF.java:67) Configuring EntityManager from hibernate.properties 
20 Apr 2025 14:52:20,109 INFO com.sismics.util.ClasspathScanner.findClasses(ClasspathScanner.java:48) Found 1 classes for IndexingHandler 
20 Apr 2025 14:52:20,131 INFO com.sismics.docs.core.util.indexing.LuceneIndexingHandler.initLucene(LuceneIndexingHandler.java:129) Using RAM Lucene storage 
20 Apr 2025 14:52:20,173 INFO com.sismics.docs.core.service.FileService.startUp(FileService.java:39) File service starting up 
20 Apr 2025 14:52:20,175 INFO com.sismics.docs.core.service.InboxService.startUp(InboxService.java:52) Inbox service starting up 
20 Apr 2025 14:52:20,176 INFO com.sismics.docs.core.service.FileSizeService.startUp(FileSizeService.java:30) File size service starting up 
20 Apr 2025 14:52:20,325 INFO com.sismics.docs.core.service.FileSizeService.lambda$runOneIteration$0(FileSizeService.java:50) No more file to process, stopping the service 
20 Apr 2025 14:52:20,325 INFO com.sismics.docs.core.service.FileSizeService.shutDown(FileSizeService.java:35) File size service shutting down 
20 Apr 2025 14:55:34,685 INFO com.sismics.docs.core.service.InboxService.shutDown(InboxService.java:57) Inbox service shutting down 
20 Apr 2025 14:55:34,686 INFO com.sismics.docs.core.service.FileService.shutDown(FileService.java:44) File service shutting down 
20 Apr 2025 14:57:11,593 INFO com.sismics.util.jpa.EMF.getEntityManagerProperties(EMF.java:67) Configuring EntityManager from hibernate.properties 
20 Apr 2025 14:57:11,902 INFO com.sismics.util.jpa.DbOpenHelper.open(DbOpenHelper.java:57) Opening database and executing incremental updates 
20 Apr 2025 14:57:11,904 INFO com.sismics.util.jpa.DbOpenHelper.open(DbOpenHelper.java:106) Found database version 31, new version is 31, executing database incremental update scripts 
20 Apr 2025 14:57:11,904 INFO com.sismics.util.jpa.DbOpenHelper.open(DbOpenHelper.java:108) Database upgrade complete 
20 Apr 2025 14:57:11,905 INFO com.sismics.util.jpa.EMF.getEntityManagerProperties(EMF.java:67) Configuring EntityManager from hibernate.properties 
20 Apr 2025 14:57:12,825 INFO com.sismics.util.ClasspathScanner.findClasses(ClasspathScanner.java:48) Found 1 classes for IndexingHandler 
20 Apr 2025 14:57:12,847 INFO com.sismics.docs.core.util.indexing.LuceneIndexingHandler.initLucene(LuceneIndexingHandler.java:129) Using RAM Lucene storage 
20 Apr 2025 14:57:12,888 INFO com.sismics.docs.core.service.FileService.startUp(FileService.java:39) File service starting up 
20 Apr 2025 14:57:12,890 INFO com.sismics.docs.core.service.InboxService.startUp(InboxService.java:52) Inbox service starting up 
20 Apr 2025 14:57:12,891 INFO com.sismics.docs.core.service.FileSizeService.startUp(FileSizeService.java:30) File size service starting up 
20 Apr 2025 14:57:13,032 INFO com.sismics.docs.core.service.FileSizeService.lambda$runOneIteration$0(FileSizeService.java:50) No more file to process, stopping the service 
20 Apr 2025 14:57:13,032 INFO com.sismics.docs.core.service.FileSizeService.shutDown(FileSizeService.java:35) File size service shutting down 
20 Apr 2025 15:00:06,391 INFO com.sismics.docs.core.service.InboxService.shutDown(InboxService.java:57) Inbox service shutting down 
20 Apr 2025 15:00:06,392 INFO com.sismics.docs.core.service.FileService.shutDown(FileService.java:44) File service shutting down 
20 Apr 2025 15:10:38,815 INFO com.sismics.util.jpa.EMF.getEntityManagerProperties(EMF.java:67) Configuring EntityManager from hibernate.properties 
20 Apr 2025 15:10:39,126 INFO com.sismics.util.jpa.DbOpenHelper.open(DbOpenHelper.java:57) Opening database and executing incremental updates 
20 Apr 2025 15:10:39,129 INFO com.sismics.util.jpa.DbOpenHelper.open(DbOpenHelper.java:106) Found database version 31, new version is 31, executing database incremental update scripts 
20 Apr 2025 15:10:39,129 INFO com.sismics.util.jpa.DbOpenHelper.open(DbOpenHelper.java:108) Database upgrade complete 
20 Apr 2025 15:10:39,130 INFO com.sismics.util.jpa.EMF.getEntityManagerProperties(EMF.java:67) Configuring EntityManager from hibernate.properties 
20 Apr 2025 15:10:40,067 INFO com.sismics.util.ClasspathScanner.findClasses(ClasspathScanner.java:48) Found 1 classes for IndexingHandler 
20 Apr 2025 15:10:40,091 INFO com.sismics.docs.core.util.indexing.LuceneIndexingHandler.initLucene(LuceneIndexingHandler.java:129) Using RAM Lucene storage 
20 Apr 2025 15:10:40,132 INFO com.sismics.docs.core.service.FileService.startUp(FileService.java:39) File service starting up 
20 Apr 2025 15:10:40,134 INFO com.sismics.docs.core.service.InboxService.startUp(InboxService.java:52) Inbox service starting up 
20 Apr 2025 15:10:40,134 INFO com.sismics.docs.core.service.FileSizeService.startUp(FileSizeService.java:30) File size service starting up 
20 Apr 2025 15:10:40,296 INFO com.sismics.docs.core.service.FileSizeService.lambda$runOneIteration$0(FileSizeService.java:50) No more file to process, stopping the service 
20 Apr 2025 15:10:40,298 INFO com.sismics.docs.core.service.FileSizeService.shutDown(FileSizeService.java:35) File size service shutting down 
20 Apr 2025 15:12:34,949 INFO com.sismics.docs.core.service.InboxService.shutDown(InboxService.java:57) Inbox service shutting down 
20 Apr 2025 15:12:34,950 INFO com.sismics.docs.core.service.FileService.shutDown(FileService.java:44) File service shutting down 
20 Apr 2025 15:20:10,372 INFO com.sismics.util.jpa.EMF.getEntityManagerProperties(EMF.java:67) Configuring EntityManager from hibernate.properties 
20 Apr 2025 15:20:10,684 INFO com.sismics.util.jpa.DbOpenHelper.open(DbOpenHelper.java:57) Opening database and executing incremental updates 
20 Apr 2025 15:20:10,685 INFO com.sismics.util.jpa.DbOpenHelper.open(DbOpenHelper.java:106) Found database version 31, new version is 31, executing database incremental update scripts 
20 Apr 2025 15:20:10,686 INFO com.sismics.util.jpa.DbOpenHelper.open(DbOpenHelper.java:108) Database upgrade complete 
20 Apr 2025 15:20:10,686 INFO com.sismics.util.jpa.EMF.getEntityManagerProperties(EMF.java:67) Configuring EntityManager from hibernate.properties 
20 Apr 2025 15:20:11,610 INFO com.sismics.util.ClasspathScanner.findClasses(ClasspathScanner.java:48) Found 1 classes for IndexingHandler 
20 Apr 2025 15:20:11,634 INFO com.sismics.docs.core.util.indexing.LuceneIndexingHandler.initLucene(LuceneIndexingHandler.java:129) Using RAM Lucene storage 
20 Apr 2025 15:20:11,684 INFO com.sismics.docs.core.service.FileService.startUp(FileService.java:39) File service starting up 
20 Apr 2025 15:20:11,686 INFO com.sismics.docs.core.service.InboxService.startUp(InboxService.java:52) Inbox service starting up 
20 Apr 2025 15:20:11,686 INFO com.sismics.docs.core.service.FileSizeService.startUp(FileSizeService.java:30) File size service starting up 
20 Apr 2025 15:20:11,828 INFO com.sismics.docs.core.service.FileSizeService.lambda$runOneIteration$0(FileSizeService.java:50) No more file to process, stopping the service 
20 Apr 2025 15:20:11,828 INFO com.sismics.docs.core.service.FileSizeService.shutDown(FileSizeService.java:35) File size service shutting down 
20 Apr 2025 15:23:05,091 INFO com.sismics.docs.core.service.InboxService.shutDown(InboxService.java:57) Inbox service shutting down 
20 Apr 2025 15:23:05,092 INFO com.sismics.docs.core.service.FileService.shutDown(FileService.java:44) File service shutting down 
20 Apr 2025 16:01:29,241 INFO com.sismics.util.jpa.EMF.getEntityManagerProperties(EMF.java:67) Configuring EntityManager from hibernate.properties 
20 Apr 2025 16:01:29,548 INFO com.sismics.util.jpa.DbOpenHelper.open(DbOpenHelper.java:57) Opening database and executing incremental updates 
20 Apr 2025 16:01:29,550 INFO com.sismics.util.jpa.DbOpenHelper.open(DbOpenHelper.java:106) Found database version 31, new version is 31, executing database incremental update scripts 
20 Apr 2025 16:01:29,550 INFO com.sismics.util.jpa.DbOpenHelper.open(DbOpenHelper.java:108) Database upgrade complete 
20 Apr 2025 16:01:29,550 INFO com.sismics.util.jpa.EMF.getEntityManagerProperties(EMF.java:67) Configuring EntityManager from hibernate.properties 
20 Apr 2025 16:01:30,459 INFO com.sismics.util.ClasspathScanner.findClasses(ClasspathScanner.java:48) Found 1 classes for IndexingHandler 
20 Apr 2025 16:01:30,482 INFO com.sismics.docs.core.util.indexing.LuceneIndexingHandler.initLucene(LuceneIndexingHandler.java:129) Using RAM Lucene storage 
20 Apr 2025 16:01:30,523 INFO com.sismics.docs.core.service.FileService.startUp(FileService.java:39) File service starting up 
20 Apr 2025 16:01:30,525 INFO com.sismics.docs.core.service.InboxService.startUp(InboxService.java:52) Inbox service starting up 
20 Apr 2025 16:01:30,525 INFO com.sismics.docs.core.service.FileSizeService.startUp(FileSizeService.java:30) File size service starting up 
20 Apr 2025 16:01:30,664 INFO com.sismics.docs.core.service.FileSizeService.lambda$runOneIteration$0(FileSizeService.java:50) No more file to process, stopping the service 
20 Apr 2025 16:01:30,665 INFO com.sismics.docs.core.service.FileSizeService.shutDown(FileSizeService.java:35) File size service shutting down 
20 Apr 2025 16:02:59,762 INFO com.sismics.docs.core.service.InboxService.shutDown(InboxService.java:57) Inbox service shutting down 
20 Apr 2025 16:02:59,762 INFO com.sismics.docs.core.service.FileService.shutDown(FileService.java:44) File service shutting down 
20 Apr 2025 16:52:12,666 INFO com.sismics.util.jpa.EMF.getEntityManagerProperties(EMF.java:67) Configuring EntityManager from hibernate.properties 
20 Apr 2025 16:52:12,976 INFO com.sismics.util.jpa.DbOpenHelper.open(DbOpenHelper.java:57) Opening database and executing incremental updates 
20 Apr 2025 16:52:12,978 INFO com.sismics.util.jpa.DbOpenHelper.open(DbOpenHelper.java:106) Found database version 31, new version is 31, executing database incremental update scripts 
20 Apr 2025 16:52:12,978 INFO com.sismics.util.jpa.DbOpenHelper.open(DbOpenHelper.java:108) Database upgrade complete 
20 Apr 2025 16:52:12,978 INFO com.sismics.util.jpa.EMF.getEntityManagerProperties(EMF.java:67) Configuring EntityManager from hibernate.properties 
20 Apr 2025 16:52:13,908 INFO com.sismics.util.ClasspathScanner.findClasses(ClasspathScanner.java:48) Found 1 classes for IndexingHandler 
20 Apr 2025 16:52:13,931 INFO com.sismics.docs.core.util.indexing.LuceneIndexingHandler.initLucene(LuceneIndexingHandler.java:129) Using RAM Lucene storage 
20 Apr 2025 16:52:13,972 INFO com.sismics.docs.core.service.FileService.startUp(FileService.java:39) File service starting up 
20 Apr 2025 16:52:13,976 INFO com.sismics.docs.core.service.InboxService.startUp(InboxService.java:52) Inbox service starting up 
20 Apr 2025 16:52:13,977 INFO com.sismics.docs.core.service.FileSizeService.startUp(FileSizeService.java:30) File size service starting up 
20 Apr 2025 16:52:14,117 INFO com.sismics.docs.core.service.FileSizeService.lambda$runOneIteration$0(FileSizeService.java:50) No more file to process, stopping the service 
20 Apr 2025 16:52:14,117 INFO com.sismics.docs.core.service.FileSizeService.shutDown(FileSizeService.java:35) File size service shutting down 
20 Apr 2025 16:52:55,458 INFO com.sismics.docs.core.service.InboxService.shutDown(InboxService.java:57) Inbox service shutting down 
20 Apr 2025 16:52:55,459 INFO com.sismics.docs.core.service.FileService.shutDown(FileService.java:44) File service shutting down 
20 Apr 2025 16:57:42,402 INFO com.sismics.util.jpa.EMF.getEntityManagerProperties(EMF.java:67) Configuring EntityManager from hibernate.properties 
20 Apr 2025 16:57:42,727 INFO com.sismics.util.jpa.DbOpenHelper.open(DbOpenHelper.java:57) Opening database and executing incremental updates 
20 Apr 2025 16:57:42,729 INFO com.sismics.util.jpa.DbOpenHelper.open(DbOpenHelper.java:106) Found database version 31, new version is 31, executing database incremental update scripts 
20 Apr 2025 16:57:42,729 INFO com.sismics.util.jpa.DbOpenHelper.open(DbOpenHelper.java:108) Database upgrade complete 
20 Apr 2025 16:57:42,729 INFO com.sismics.util.jpa.EMF.getEntityManagerProperties(EMF.java:67) Configuring EntityManager from hibernate.properties 
20 Apr 2025 16:57:43,631 INFO com.sismics.util.ClasspathScanner.findClasses(ClasspathScanner.java:48) Found 1 classes for IndexingHandler 
20 Apr 2025 16:57:43,652 INFO com.sismics.docs.core.util.indexing.LuceneIndexingHandler.initLucene(LuceneIndexingHandler.java:129) Using RAM Lucene storage 
20 Apr 2025 16:57:43,697 INFO com.sismics.docs.core.service.FileService.startUp(FileService.java:39) File service starting up 
20 Apr 2025 16:57:43,699 INFO com.sismics.docs.core.service.InboxService.startUp(InboxService.java:52) Inbox service starting up 
20 Apr 2025 16:57:43,700 INFO com.sismics.docs.core.service.FileSizeService.startUp(FileSizeService.java:30) File size service starting up 
20 Apr 2025 16:57:43,841 INFO com.sismics.docs.core.service.FileSizeService.lambda$runOneIteration$0(FileSizeService.java:50) No more file to process, stopping the service 
20 Apr 2025 16:57:43,842 INFO com.sismics.docs.core.service.FileSizeService.shutDown(FileSizeService.java:35) File size service shutting down 
20 Apr 2025 17:02:41,578 INFO com.sismics.docs.core.service.InboxService.shutDown(InboxService.java:57) Inbox service shutting down 
20 Apr 2025 17:02:41,579 INFO com.sismics.docs.core.service.FileService.shutDown(FileService.java:44) File service shutting down 
20 Apr 2025 17:08:30,569 INFO com.sismics.util.jpa.EMF.getEntityManagerProperties(EMF.java:67) Configuring EntityManager from hibernate.properties 
20 Apr 2025 17:08:30,904 INFO com.sismics.util.jpa.DbOpenHelper.open(DbOpenHelper.java:57) Opening database and executing incremental updates 
20 Apr 2025 17:08:30,906 INFO com.sismics.util.jpa.DbOpenHelper.open(DbOpenHelper.java:106) Found database version 31, new version is 31, executing database incremental update scripts 
20 Apr 2025 17:08:30,906 INFO com.sismics.util.jpa.DbOpenHelper.open(DbOpenHelper.java:108) Database upgrade complete 
20 Apr 2025 17:08:30,906 INFO com.sismics.util.jpa.EMF.getEntityManagerProperties(EMF.java:67) Configuring EntityManager from hibernate.properties 
20 Apr 2025 17:08:31,824 INFO com.sismics.util.ClasspathScanner.findClasses(ClasspathScanner.java:48) Found 1 classes for IndexingHandler 
20 Apr 2025 17:08:31,846 INFO com.sismics.docs.core.util.indexing.LuceneIndexingHandler.initLucene(LuceneIndexingHandler.java:129) Using RAM Lucene storage 
20 Apr 2025 17:08:31,889 INFO com.sismics.docs.core.service.FileService.startUp(FileService.java:39) File service starting up 
20 Apr 2025 17:08:31,891 INFO com.sismics.docs.core.service.InboxService.startUp(InboxService.java:52) Inbox service starting up 
20 Apr 2025 17:08:31,892 INFO com.sismics.docs.core.service.FileSizeService.startUp(FileSizeService.java:30) File size service starting up 
20 Apr 2025 17:08:32,033 INFO com.sismics.docs.core.service.FileSizeService.lambda$runOneIteration$0(FileSizeService.java:50) No more file to process, stopping the service 
20 Apr 2025 17:08:32,034 INFO com.sismics.docs.core.service.FileSizeService.shutDown(FileSizeService.java:35) File size service shutting down 
20 Apr 2025 17:12:07,071 INFO com.sismics.docs.core.service.InboxService.shutDown(InboxService.java:57) Inbox service shutting down 
20 Apr 2025 17:12:07,072 INFO com.sismics.docs.core.service.FileService.shutDown(FileService.java:44) File service shutting down 
20 Apr 2025 17:23:01,991 INFO com.sismics.util.jpa.EMF.getEntityManagerProperties(EMF.java:67) Configuring EntityManager from hibernate.properties 
20 Apr 2025 17:23:02,325 INFO com.sismics.util.jpa.DbOpenHelper.open(DbOpenHelper.java:57) Opening database and executing incremental updates 
20 Apr 2025 17:23:02,327 INFO com.sismics.util.jpa.DbOpenHelper.open(DbOpenHelper.java:106) Found database version 31, new version is 31, executing database incremental update scripts 
20 Apr 2025 17:23:02,327 INFO com.sismics.util.jpa.DbOpenHelper.open(DbOpenHelper.java:108) Database upgrade complete 
20 Apr 2025 17:23:02,327 INFO com.sismics.util.jpa.EMF.getEntityManagerProperties(EMF.java:67) Configuring EntityManager from hibernate.properties 
20 Apr 2025 17:23:03,263 INFO com.sismics.util.ClasspathScanner.findClasses(ClasspathScanner.java:48) Found 1 classes for IndexingHandler 
20 Apr 2025 17:23:03,285 INFO com.sismics.docs.core.util.indexing.LuceneIndexingHandler.initLucene(LuceneIndexingHandler.java:129) Using RAM Lucene storage 
20 Apr 2025 17:23:03,333 INFO com.sismics.docs.core.service.FileService.startUp(FileService.java:39) File service starting up 
20 Apr 2025 17:23:03,335 INFO com.sismics.docs.core.service.InboxService.startUp(InboxService.java:52) Inbox service starting up 
20 Apr 2025 17:23:03,335 INFO com.sismics.docs.core.service.FileSizeService.startUp(FileSizeService.java:30) File size service starting up 
20 Apr 2025 17:23:03,482 INFO com.sismics.docs.core.service.FileSizeService.lambda$runOneIteration$0(FileSizeService.java:50) No more file to process, stopping the service 
20 Apr 2025 17:23:03,483 INFO com.sismics.docs.core.service.FileSizeService.shutDown(FileSizeService.java:35) File size service shutting down 
20 Apr 2025 17:39:15,513 INFO com.sismics.docs.core.service.InboxService.shutDown(InboxService.java:57) Inbox service shutting down 
20 Apr 2025 17:39:15,514 INFO com.sismics.docs.core.service.FileService.shutDown(FileService.java:44) File service shutting down 
20 Apr 2025 17:39:18,572 INFO com.sismics.util.jpa.EMF.getEntityManagerProperties(EMF.java:67) Configuring EntityManager from hibernate.properties 
20 Apr 2025 17:39:18,884 INFO com.sismics.util.jpa.DbOpenHelper.open(DbOpenHelper.java:57) Opening database and executing incremental updates 
20 Apr 2025 17:39:18,886 INFO com.sismics.util.jpa.DbOpenHelper.open(DbOpenHelper.java:106) Found database version 31, new version is 31, executing database incremental update scripts 
20 Apr 2025 17:39:18,886 INFO com.sismics.util.jpa.DbOpenHelper.open(DbOpenHelper.java:108) Database upgrade complete 
20 Apr 2025 17:39:18,886 INFO com.sismics.util.jpa.EMF.getEntityManagerProperties(EMF.java:67) Configuring EntityManager from hibernate.properties 
20 Apr 2025 17:39:19,845 INFO com.sismics.util.ClasspathScanner.findClasses(ClasspathScanner.java:48) Found 1 classes for IndexingHandler 
20 Apr 2025 17:39:19,868 INFO com.sismics.docs.core.util.indexing.LuceneIndexingHandler.initLucene(LuceneIndexingHandler.java:129) Using RAM Lucene storage 
20 Apr 2025 17:39:19,910 INFO com.sismics.docs.core.service.FileService.startUp(FileService.java:39) File service starting up 
20 Apr 2025 17:39:19,912 INFO com.sismics.docs.core.service.InboxService.startUp(InboxService.java:52) Inbox service starting up 
20 Apr 2025 17:39:19,912 INFO com.sismics.docs.core.service.FileSizeService.startUp(FileSizeService.java:30) File size service starting up 
20 Apr 2025 17:39:20,080 INFO com.sismics.docs.core.service.FileSizeService.lambda$runOneIteration$0(FileSizeService.java:50) No more file to process, stopping the service 
20 Apr 2025 17:39:20,081 INFO com.sismics.docs.core.service.FileSizeService.shutDown(FileSizeService.java:35) File size service shutting down 
20 Apr 2025 17:40:43,566 INFO com.sismics.docs.core.service.InboxService.shutDown(InboxService.java:57) Inbox service shutting down 
20 Apr 2025 17:40:43,567 INFO com.sismics.docs.core.service.FileService.shutDown(FileService.java:44) File service shutting down 
20 Apr 2025 17:40:46,436 INFO com.sismics.util.jpa.EMF.getEntityManagerProperties(EMF.java:67) Configuring EntityManager from hibernate.properties 
20 Apr 2025 17:40:46,755 INFO com.sismics.util.jpa.DbOpenHelper.open(DbOpenHelper.java:57) Opening database and executing incremental updates 
20 Apr 2025 17:40:46,757 INFO com.sismics.util.jpa.DbOpenHelper.open(DbOpenHelper.java:106) Found database version 31, new version is 31, executing database incremental update scripts 
20 Apr 2025 17:40:46,757 INFO com.sismics.util.jpa.DbOpenHelper.open(DbOpenHelper.java:108) Database upgrade complete 
20 Apr 2025 17:40:46,757 INFO com.sismics.util.jpa.EMF.getEntityManagerProperties(EMF.java:67) Configuring EntityManager from hibernate.properties 
20 Apr 2025 17:40:47,722 INFO com.sismics.util.ClasspathScanner.findClasses(ClasspathScanner.java:48) Found 1 classes for IndexingHandler 
20 Apr 2025 17:40:47,748 INFO com.sismics.docs.core.util.indexing.LuceneIndexingHandler.initLucene(LuceneIndexingHandler.java:129) Using RAM Lucene storage 
20 Apr 2025 17:40:47,788 INFO com.sismics.docs.core.service.FileService.startUp(FileService.java:39) File service starting up 
20 Apr 2025 17:40:47,790 INFO com.sismics.docs.core.service.InboxService.startUp(InboxService.java:52) Inbox service starting up 
20 Apr 2025 17:40:47,790 INFO com.sismics.docs.core.service.FileSizeService.startUp(FileSizeService.java:30) File size service starting up 
20 Apr 2025 17:40:47,962 INFO com.sismics.docs.core.service.FileSizeService.lambda$runOneIteration$0(FileSizeService.java:50) No more file to process, stopping the service 
20 Apr 2025 17:40:47,963 INFO com.sismics.docs.core.service.FileSizeService.shutDown(FileSizeService.java:35) File size service shutting down 
20 Apr 2025 17:42:11,098 INFO com.sismics.docs.core.service.InboxService.shutDown(InboxService.java:57) Inbox service shutting down 
20 Apr 2025 17:42:11,099 INFO com.sismics.docs.core.service.FileService.shutDown(FileService.java:44) File service shutting down 
20 Apr 2025 17:42:14,173 INFO com.sismics.util.jpa.EMF.getEntityManagerProperties(EMF.java:67) Configuring EntityManager from hibernate.properties 
20 Apr 2025 17:42:14,490 INFO com.sismics.util.jpa.DbOpenHelper.open(DbOpenHelper.java:57) Opening database and executing incremental updates 
20 Apr 2025 17:42:14,494 INFO com.sismics.util.jpa.DbOpenHelper.open(DbOpenHelper.java:106) Found database version 31, new version is 31, executing database incremental update scripts 
20 Apr 2025 17:42:14,495 INFO com.sismics.util.jpa.DbOpenHelper.open(DbOpenHelper.java:108) Database upgrade complete 
20 Apr 2025 17:42:14,495 INFO com.sismics.util.jpa.EMF.getEntityManagerProperties(EMF.java:67) Configuring EntityManager from hibernate.properties 
20 Apr 2025 17:42:15,450 INFO com.sismics.util.ClasspathScanner.findClasses(ClasspathScanner.java:48) Found 1 classes for IndexingHandler 
20 Apr 2025 17:42:15,471 INFO com.sismics.docs.core.util.indexing.LuceneIndexingHandler.initLucene(LuceneIndexingHandler.java:129) Using RAM Lucene storage 
20 Apr 2025 17:42:15,512 INFO com.sismics.docs.core.service.FileService.startUp(FileService.java:39) File service starting up 
20 Apr 2025 17:42:15,514 INFO com.sismics.docs.core.service.InboxService.startUp(InboxService.java:52) Inbox service starting up 
20 Apr 2025 17:42:15,514 INFO com.sismics.docs.core.service.FileSizeService.startUp(FileSizeService.java:30) File size service starting up 
20 Apr 2025 17:42:15,689 INFO com.sismics.docs.core.service.FileSizeService.lambda$runOneIteration$0(FileSizeService.java:50) No more file to process, stopping the service 
20 Apr 2025 17:42:15,689 INFO com.sismics.docs.core.service.FileSizeService.shutDown(FileSizeService.java:35) File size service shutting down 
20 Apr 2025 18:32:49,073 INFO com.sismics.util.jpa.EMF.getEntityManagerProperties(EMF.java:67) Configuring EntityManager from hibernate.properties 
20 Apr 2025 18:32:49,396 INFO com.sismics.util.jpa.DbOpenHelper.open(DbOpenHelper.java:57) Opening database and executing incremental updates 
20 Apr 2025 18:32:49,398 INFO com.sismics.util.jpa.DbOpenHelper.open(DbOpenHelper.java:106) Found database version 31, new version is 31, executing database incremental update scripts 
20 Apr 2025 18:32:49,398 INFO com.sismics.util.jpa.DbOpenHelper.open(DbOpenHelper.java:108) Database upgrade complete 
20 Apr 2025 18:32:49,399 INFO com.sismics.util.jpa.EMF.getEntityManagerProperties(EMF.java:67) Configuring EntityManager from hibernate.properties 
20 Apr 2025 18:32:50,331 INFO com.sismics.util.ClasspathScanner.findClasses(ClasspathScanner.java:48) Found 1 classes for IndexingHandler 
20 Apr 2025 18:32:50,354 INFO com.sismics.docs.core.util.indexing.LuceneIndexingHandler.initLucene(LuceneIndexingHandler.java:129) Using RAM Lucene storage 
20 Apr 2025 18:32:50,397 INFO com.sismics.docs.core.service.FileService.startUp(FileService.java:39) File service starting up 
20 Apr 2025 18:32:50,398 INFO com.sismics.docs.core.service.InboxService.startUp(InboxService.java:52) Inbox service starting up 
20 Apr 2025 18:32:50,399 INFO com.sismics.docs.core.service.FileSizeService.startUp(FileSizeService.java:30) File size service starting up 
20 Apr 2025 18:32:50,552 INFO com.sismics.docs.core.service.FileSizeService.lambda$runOneIteration$0(FileSizeService.java:50) No more file to process, stopping the service 
20 Apr 2025 18:32:50,552 INFO com.sismics.docs.core.service.FileSizeService.shutDown(FileSizeService.java:35) File size service shutting down 
20 Apr 2025 18:34:48,266 INFO com.sismics.docs.core.service.InboxService.shutDown(InboxService.java:57) Inbox service shutting down 
20 Apr 2025 18:34:48,267 INFO com.sismics.docs.core.service.FileService.shutDown(FileService.java:44) File service shutting down 
20 Apr 2025 18:34:51,114 INFO com.sismics.util.jpa.EMF.getEntityManagerProperties(EMF.java:67) Configuring EntityManager from hibernate.properties 
20 Apr 2025 18:34:51,411 INFO com.sismics.util.jpa.DbOpenHelper.open(DbOpenHelper.java:57) Opening database and executing incremental updates 
20 Apr 2025 18:34:51,413 INFO com.sismics.util.jpa.DbOpenHelper.open(DbOpenHelper.java:106) Found database version 31, new version is 31, executing database incremental update scripts 
20 Apr 2025 18:34:51,413 INFO com.sismics.util.jpa.DbOpenHelper.open(DbOpenHelper.java:108) Database upgrade complete 
20 Apr 2025 18:34:51,414 INFO com.sismics.util.jpa.EMF.getEntityManagerProperties(EMF.java:67) Configuring EntityManager from hibernate.properties 
20 Apr 2025 18:34:52,321 INFO com.sismics.util.ClasspathScanner.findClasses(ClasspathScanner.java:48) Found 1 classes for IndexingHandler 
20 Apr 2025 18:34:52,342 INFO com.sismics.docs.core.util.indexing.LuceneIndexingHandler.initLucene(LuceneIndexingHandler.java:129) Using RAM Lucene storage 
20 Apr 2025 18:34:52,381 INFO com.sismics.docs.core.service.FileService.startUp(FileService.java:39) File service starting up 
20 Apr 2025 18:34:52,385 INFO com.sismics.docs.core.service.InboxService.startUp(InboxService.java:52) Inbox service starting up 
20 Apr 2025 18:34:52,385 INFO com.sismics.docs.core.service.FileSizeService.startUp(FileSizeService.java:30) File size service starting up 
20 Apr 2025 18:34:52,558 INFO com.sismics.docs.core.service.FileSizeService.lambda$runOneIteration$0(FileSizeService.java:50) No more file to process, stopping the service 
20 Apr 2025 18:34:52,559 INFO com.sismics.docs.core.service.FileSizeService.shutDown(FileSizeService.java:35) File size service shutting down 
20 Apr 2025 18:37:44,570 INFO com.sismics.docs.core.service.InboxService.shutDown(InboxService.java:57) Inbox service shutting down 
20 Apr 2025 18:37:44,571 INFO com.sismics.docs.core.service.FileService.shutDown(FileService.java:44) File service shutting down 
20 Apr 2025 18:37:47,252 INFO com.sismics.util.jpa.EMF.getEntityManagerProperties(EMF.java:67) Configuring EntityManager from hibernate.properties 
20 Apr 2025 18:37:47,527 INFO com.sismics.util.jpa.DbOpenHelper.open(DbOpenHelper.java:57) Opening database and executing incremental updates 
20 Apr 2025 18:37:47,529 INFO com.sismics.util.jpa.DbOpenHelper.open(DbOpenHelper.java:106) Found database version 31, new version is 31, executing database incremental update scripts 
20 Apr 2025 18:37:47,529 INFO com.sismics.util.jpa.DbOpenHelper.open(DbOpenHelper.java:108) Database upgrade complete 
20 Apr 2025 18:37:47,529 INFO com.sismics.util.jpa.EMF.getEntityManagerProperties(EMF.java:67) Configuring EntityManager from hibernate.properties 
20 Apr 2025 18:37:48,419 INFO com.sismics.util.ClasspathScanner.findClasses(ClasspathScanner.java:48) Found 1 classes for IndexingHandler 
20 Apr 2025 18:37:48,442 INFO com.sismics.docs.core.util.indexing.LuceneIndexingHandler.initLucene(LuceneIndexingHandler.java:129) Using RAM Lucene storage 
20 Apr 2025 18:37:48,482 INFO com.sismics.docs.core.service.FileService.startUp(FileService.java:39) File service starting up 
20 Apr 2025 18:37:48,484 INFO com.sismics.docs.core.service.InboxService.startUp(InboxService.java:52) Inbox service starting up 
20 Apr 2025 18:37:48,485 INFO com.sismics.docs.core.service.FileSizeService.startUp(FileSizeService.java:30) File size service starting up 
20 Apr 2025 18:37:48,636 INFO com.sismics.docs.core.service.FileSizeService.lambda$runOneIteration$0(FileSizeService.java:50) No more file to process, stopping the service 
20 Apr 2025 18:37:48,637 INFO com.sismics.docs.core.service.FileSizeService.shutDown(FileSizeService.java:35) File size service shutting down 
20 Apr 2025 18:46:39,127 INFO com.sismics.docs.core.service.InboxService.shutDown(InboxService.java:57) Inbox service shutting down 
20 Apr 2025 18:46:39,127 INFO com.sismics.docs.core.service.FileService.shutDown(FileService.java:44) File service shutting down 
20 Apr 2025 18:46:41,889 INFO com.sismics.util.jpa.EMF.getEntityManagerProperties(EMF.java:67) Configuring EntityManager from hibernate.properties 
20 Apr 2025 18:46:42,191 INFO com.sismics.util.jpa.DbOpenHelper.open(DbOpenHelper.java:57) Opening database and executing incremental updates 
20 Apr 2025 18:46:42,193 INFO com.sismics.util.jpa.DbOpenHelper.open(DbOpenHelper.java:106) Found database version 31, new version is 31, executing database incremental update scripts 
20 Apr 2025 18:46:42,193 INFO com.sismics.util.jpa.DbOpenHelper.open(DbOpenHelper.java:108) Database upgrade complete 
20 Apr 2025 18:46:42,193 INFO com.sismics.util.jpa.EMF.getEntityManagerProperties(EMF.java:67) Configuring EntityManager from hibernate.properties 
20 Apr 2025 18:46:43,100 INFO com.sismics.util.ClasspathScanner.findClasses(ClasspathScanner.java:48) Found 1 classes for IndexingHandler 
20 Apr 2025 18:46:43,122 INFO com.sismics.docs.core.util.indexing.LuceneIndexingHandler.initLucene(LuceneIndexingHandler.java:129) Using RAM Lucene storage 
20 Apr 2025 18:46:43,162 INFO com.sismics.docs.core.service.FileService.startUp(FileService.java:39) File service starting up 
20 Apr 2025 18:46:43,164 INFO com.sismics.docs.core.service.InboxService.startUp(InboxService.java:52) Inbox service starting up 
20 Apr 2025 18:46:43,164 INFO com.sismics.docs.core.service.FileSizeService.startUp(FileSizeService.java:30) File size service starting up 
20 Apr 2025 18:46:43,328 INFO com.sismics.docs.core.service.FileSizeService.lambda$runOneIteration$0(FileSizeService.java:50) No more file to process, stopping the service 
20 Apr 2025 18:46:43,328 INFO com.sismics.docs.core.service.FileSizeService.shutDown(FileSizeService.java:35) File size service shutting down 
20 Apr 2025 18:47:42,382 INFO com.sismics.docs.core.util.FileUtil.startProcessingFile(FileUtil.java:225) Processing started for file: 1f5e5631-98f9-4714-a34d-ae410fd82d55 
20 Apr 2025 18:47:42,398 INFO com.sismics.docs.core.listener.async.DocumentUpdatedAsyncListener.on(DocumentUpdatedAsyncListener.java:39) Document updated event: DocumentUpdatedAsyncEvent{documentId=2f44cb6c-fd9f-4557-9986-8f2c6689642a} 
20 Apr 2025 18:47:42,398 INFO com.sismics.docs.core.listener.async.FileProcessingAsyncListener.on(FileProcessingAsyncListener.java:53) File created event: FileCreatedAsyncEvent{fileId=1f5e5631-98f9-4714-a34d-ae410fd82d55, language=eng} 
20 Apr 2025 18:47:42,483 INFO com.sismics.util.ClasspathScanner.findClasses(ClasspathScanner.java:48) Found 7 classes for FormatHandler 
20 Apr 2025 18:47:43,426 INFO com.sismics.docs.core.listener.async.FileProcessingAsyncListener.extractContent(FileProcessingAsyncListener.java:176) Start extracting content from: File{id=1f5e5631-98f9-4714-a34d-ae410fd82d55, name=Midterm Expectations and Deductions.docx} 
20 Apr 2025 18:47:43,455 INFO com.sismics.docs.core.listener.async.FileProcessingAsyncListener.extractContent(FileProcessingAsyncListener.java:182) File content extracted in 30ms: 1f5e5631-98f9-4714-a34d-ae410fd82d55 
20 Apr 2025 18:47:43,466 INFO com.sismics.docs.core.util.FileUtil.endProcessingFile(FileUtil.java:235) Processing ended for file: 1f5e5631-98f9-4714-a34d-ae410fd82d55 
20 Apr 2025 18:50:37,926 INFO com.sismics.docs.core.service.InboxService.shutDown(InboxService.java:57) Inbox service shutting down 
20 Apr 2025 18:50:37,928 INFO com.sismics.docs.core.service.FileService.shutDown(FileService.java:44) File service shutting down 
20 Apr 2025 18:50:41,167 INFO com.sismics.util.jpa.EMF.getEntityManagerProperties(EMF.java:67) Configuring EntityManager from hibernate.properties 
20 Apr 2025 18:50:41,460 INFO com.sismics.util.jpa.DbOpenHelper.open(DbOpenHelper.java:57) Opening database and executing incremental updates 
20 Apr 2025 18:50:41,462 INFO com.sismics.util.jpa.DbOpenHelper.open(DbOpenHelper.java:106) Found database version 31, new version is 31, executing database incremental update scripts 
20 Apr 2025 18:50:41,462 INFO com.sismics.util.jpa.DbOpenHelper.open(DbOpenHelper.java:108) Database upgrade complete 
20 Apr 2025 18:50:41,463 INFO com.sismics.util.jpa.EMF.getEntityManagerProperties(EMF.java:67) Configuring EntityManager from hibernate.properties 
20 Apr 2025 18:50:42,398 INFO com.sismics.util.ClasspathScanner.findClasses(ClasspathScanner.java:48) Found 1 classes for IndexingHandler 
20 Apr 2025 18:50:42,419 INFO com.sismics.docs.core.util.indexing.LuceneIndexingHandler.initLucene(LuceneIndexingHandler.java:129) Using RAM Lucene storage 
20 Apr 2025 18:50:42,460 INFO com.sismics.docs.core.service.FileService.startUp(FileService.java:39) File service starting up 
20 Apr 2025 18:50:42,462 INFO com.sismics.docs.core.service.InboxService.startUp(InboxService.java:52) Inbox service starting up 
20 Apr 2025 18:50:42,462 INFO com.sismics.docs.core.service.FileSizeService.startUp(FileSizeService.java:30) File size service starting up 
20 Apr 2025 18:50:42,621 INFO com.sismics.docs.core.service.FileSizeService.lambda$runOneIteration$0(FileSizeService.java:50) No more file to process, stopping the service 
20 Apr 2025 18:50:42,622 INFO com.sismics.docs.core.service.FileSizeService.shutDown(FileSizeService.java:35) File size service shutting down 
20 Apr 2025 19:15:11,522 INFO com.sismics.docs.core.service.InboxService.shutDown(InboxService.java:57) Inbox service shutting down 
20 Apr 2025 19:15:11,523 INFO com.sismics.docs.core.service.FileService.shutDown(FileService.java:44) File service shutting down 
20 Apr 2025 19:23:55,358 INFO com.sismics.util.jpa.EMF.getEntityManagerProperties(EMF.java:67) Configuring EntityManager from hibernate.properties 
20 Apr 2025 19:23:55,676 INFO com.sismics.util.jpa.DbOpenHelper.open(DbOpenHelper.java:57) Opening database and executing incremental updates 
20 Apr 2025 19:23:55,678 INFO com.sismics.util.jpa.DbOpenHelper.open(DbOpenHelper.java:106) Found database version 31, new version is 31, executing database incremental update scripts 
20 Apr 2025 19:23:55,678 INFO com.sismics.util.jpa.DbOpenHelper.open(DbOpenHelper.java:108) Database upgrade complete 
20 Apr 2025 19:23:55,678 INFO com.sismics.util.jpa.EMF.getEntityManagerProperties(EMF.java:67) Configuring EntityManager from hibernate.properties 
20 Apr 2025 19:23:56,590 INFO com.sismics.util.ClasspathScanner.findClasses(ClasspathScanner.java:48) Found 1 classes for IndexingHandler 
20 Apr 2025 19:23:56,612 INFO com.sismics.docs.core.util.indexing.LuceneIndexingHandler.initLucene(LuceneIndexingHandler.java:129) Using RAM Lucene storage 
20 Apr 2025 19:23:56,656 INFO com.sismics.docs.core.service.FileService.startUp(FileService.java:39) File service starting up 
20 Apr 2025 19:23:56,658 INFO com.sismics.docs.core.service.InboxService.startUp(InboxService.java:52) Inbox service starting up 
20 Apr 2025 19:23:56,658 INFO com.sismics.docs.core.service.FileSizeService.startUp(FileSizeService.java:30) File size service starting up 
20 Apr 2025 19:23:56,797 INFO com.sismics.docs.core.service.FileSizeService.lambda$runOneIteration$0(FileSizeService.java:50) No more file to process, stopping the service 
20 Apr 2025 19:23:56,798 INFO com.sismics.docs.core.service.FileSizeService.shutDown(FileSizeService.java:35) File size service shutting down 
20 Apr 2025 19:27:08,796 INFO com.sismics.docs.core.service.InboxService.shutDown(InboxService.java:57) Inbox service shutting down 
20 Apr 2025 19:27:08,797 INFO com.sismics.docs.core.service.FileService.shutDown(FileService.java:44) File service shutting down 
20 Apr 2025 19:27:11,511 INFO com.sismics.util.jpa.EMF.getEntityManagerProperties(EMF.java:67) Configuring EntityManager from hibernate.properties 
20 Apr 2025 19:27:11,808 INFO com.sismics.util.jpa.DbOpenHelper.open(DbOpenHelper.java:57) Opening database and executing incremental updates 
20 Apr 2025 19:27:11,811 INFO com.sismics.util.jpa.DbOpenHelper.open(DbOpenHelper.java:106) Found database version 31, new version is 31, executing database incremental update scripts 
20 Apr 2025 19:27:11,811 INFO com.sismics.util.jpa.DbOpenHelper.open(DbOpenHelper.java:108) Database upgrade complete 
20 Apr 2025 19:27:11,811 INFO com.sismics.util.jpa.EMF.getEntityManagerProperties(EMF.java:67) Configuring EntityManager from hibernate.properties 
20 Apr 2025 19:27:12,737 INFO com.sismics.util.ClasspathScanner.findClasses(ClasspathScanner.java:48) Found 1 classes for IndexingHandler 
20 Apr 2025 19:27:12,760 INFO com.sismics.docs.core.util.indexing.LuceneIndexingHandler.initLucene(LuceneIndexingHandler.java:129) Using RAM Lucene storage 
20 Apr 2025 19:27:12,802 INFO com.sismics.docs.core.service.FileService.startUp(FileService.java:39) File service starting up 
20 Apr 2025 19:27:12,804 INFO com.sismics.docs.core.service.InboxService.startUp(InboxService.java:52) Inbox service starting up 
20 Apr 2025 19:27:12,804 INFO com.sismics.docs.core.service.FileSizeService.startUp(FileSizeService.java:30) File size service starting up 
20 Apr 2025 19:27:12,977 INFO com.sismics.docs.core.service.FileSizeService.lambda$runOneIteration$0(FileSizeService.java:50) No more file to process, stopping the service 
20 Apr 2025 19:27:12,977 INFO com.sismics.docs.core.service.FileSizeService.shutDown(FileSizeService.java:35) File size service shutting down 
20 Apr 2025 19:30:45,098 INFO com.sismics.docs.core.service.InboxService.shutDown(InboxService.java:57) Inbox service shutting down 
20 Apr 2025 19:30:45,099 INFO com.sismics.docs.core.service.FileService.shutDown(FileService.java:44) File service shutting down 
20 Apr 2025 19:30:48,242 INFO com.sismics.util.jpa.EMF.getEntityManagerProperties(EMF.java:67) Configuring EntityManager from hibernate.properties 
20 Apr 2025 19:30:48,530 INFO com.sismics.util.jpa.DbOpenHelper.open(DbOpenHelper.java:57) Opening database and executing incremental updates 
20 Apr 2025 19:30:48,533 INFO com.sismics.util.jpa.DbOpenHelper.open(DbOpenHelper.java:106) Found database version 31, new version is 31, executing database incremental update scripts 
20 Apr 2025 19:30:48,533 INFO com.sismics.util.jpa.DbOpenHelper.open(DbOpenHelper.java:108) Database upgrade complete 
20 Apr 2025 19:30:48,533 INFO com.sismics.util.jpa.EMF.getEntityManagerProperties(EMF.java:67) Configuring EntityManager from hibernate.properties 
20 Apr 2025 19:30:49,460 INFO com.sismics.util.ClasspathScanner.findClasses(ClasspathScanner.java:48) Found 1 classes for IndexingHandler 
20 Apr 2025 19:30:49,483 INFO com.sismics.docs.core.util.indexing.LuceneIndexingHandler.initLucene(LuceneIndexingHandler.java:129) Using RAM Lucene storage 
20 Apr 2025 19:30:49,523 INFO com.sismics.docs.core.service.FileService.startUp(FileService.java:39) File service starting up 
20 Apr 2025 19:30:49,525 INFO com.sismics.docs.core.service.InboxService.startUp(InboxService.java:52) Inbox service starting up 
20 Apr 2025 19:30:49,525 INFO com.sismics.docs.core.service.FileSizeService.startUp(FileSizeService.java:30) File size service starting up 
20 Apr 2025 19:30:49,687 INFO com.sismics.docs.core.service.FileSizeService.lambda$runOneIteration$0(FileSizeService.java:50) No more file to process, stopping the service 
20 Apr 2025 19:30:49,687 INFO com.sismics.docs.core.service.FileSizeService.shutDown(FileSizeService.java:35) File size service shutting down 
20 Apr 2025 19:32:39,141 INFO com.sismics.docs.core.service.InboxService.shutDown(InboxService.java:57) Inbox service shutting down 
20 Apr 2025 19:32:39,142 INFO com.sismics.docs.core.service.FileService.shutDown(FileService.java:44) File service shutting down 
20 Apr 2025 19:33:32,113 INFO com.sismics.util.jpa.EMF.getEntityManagerProperties(EMF.java:67) Configuring EntityManager from hibernate.properties 
20 Apr 2025 19:33:32,393 INFO com.sismics.util.jpa.DbOpenHelper.open(DbOpenHelper.java:57) Opening database and executing incremental updates 
20 Apr 2025 19:33:32,395 INFO com.sismics.util.jpa.DbOpenHelper.open(DbOpenHelper.java:106) Found database version 31, new version is 31, executing database incremental update scripts 
20 Apr 2025 19:33:32,395 INFO com.sismics.util.jpa.DbOpenHelper.open(DbOpenHelper.java:108) Database upgrade complete 
20 Apr 2025 19:33:32,395 INFO com.sismics.util.jpa.EMF.getEntityManagerProperties(EMF.java:67) Configuring EntityManager from hibernate.properties 
20 Apr 2025 19:33:33,277 INFO com.sismics.util.ClasspathScanner.findClasses(ClasspathScanner.java:48) Found 1 classes for IndexingHandler 
20 Apr 2025 19:33:33,298 INFO com.sismics.docs.core.util.indexing.LuceneIndexingHandler.initLucene(LuceneIndexingHandler.java:129) Using RAM Lucene storage 
20 Apr 2025 19:33:33,339 INFO com.sismics.docs.core.service.FileService.startUp(FileService.java:39) File service starting up 
20 Apr 2025 19:33:33,343 INFO com.sismics.docs.core.service.InboxService.startUp(InboxService.java:52) Inbox service starting up 
20 Apr 2025 19:33:33,343 INFO com.sismics.docs.core.service.FileSizeService.startUp(FileSizeService.java:30) File size service starting up 
20 Apr 2025 19:33:33,483 INFO com.sismics.docs.core.service.FileSizeService.lambda$runOneIteration$0(FileSizeService.java:50) No more file to process, stopping the service 
20 Apr 2025 19:33:33,484 INFO com.sismics.docs.core.service.FileSizeService.shutDown(FileSizeService.java:35) File size service shutting down 
20 Apr 2025 19:40:14,406 INFO com.sismics.util.ClasspathScanner.findClasses(ClasspathScanner.java:48) Found 2 classes for AuthenticationHandler 
20 Apr 2025 19:41:34,897 INFO com.sismics.docs.core.service.InboxService.shutDown(InboxService.java:57) Inbox service shutting down 
20 Apr 2025 19:41:34,898 INFO com.sismics.docs.core.service.FileService.shutDown(FileService.java:44) File service shutting down 
20 Apr 2025 19:43:24,152 INFO com.sismics.util.jpa.EMF.getEntityManagerProperties(EMF.java:67) Configuring EntityManager from hibernate.properties 
20 Apr 2025 19:43:24,501 INFO com.sismics.util.jpa.DbOpenHelper.open(DbOpenHelper.java:57) Opening database and executing incremental updates 
20 Apr 2025 19:43:24,503 INFO com.sismics.util.jpa.DbOpenHelper.open(DbOpenHelper.java:106) Found database version 31, new version is 31, executing database incremental update scripts 
20 Apr 2025 19:43:24,503 INFO com.sismics.util.jpa.DbOpenHelper.open(DbOpenHelper.java:108) Database upgrade complete 
20 Apr 2025 19:43:24,503 INFO com.sismics.util.jpa.EMF.getEntityManagerProperties(EMF.java:67) Configuring EntityManager from hibernate.properties 
20 Apr 2025 19:43:25,526 INFO com.sismics.util.ClasspathScanner.findClasses(ClasspathScanner.java:48) Found 1 classes for IndexingHandler 
20 Apr 2025 19:43:25,552 INFO com.sismics.docs.core.util.indexing.LuceneIndexingHandler.initLucene(LuceneIndexingHandler.java:129) Using RAM Lucene storage 
20 Apr 2025 19:43:25,601 INFO com.sismics.docs.core.service.FileService.startUp(FileService.java:39) File service starting up 
20 Apr 2025 19:43:25,603 INFO com.sismics.docs.core.service.InboxService.startUp(InboxService.java:52) Inbox service starting up 
20 Apr 2025 19:43:25,603 INFO com.sismics.docs.core.service.FileSizeService.startUp(FileSizeService.java:30) File size service starting up 
20 Apr 2025 19:43:25,787 INFO com.sismics.docs.core.service.FileSizeService.lambda$runOneIteration$0(FileSizeService.java:50) No more file to process, stopping the service 
20 Apr 2025 19:43:25,788 INFO com.sismics.docs.core.service.FileSizeService.shutDown(FileSizeService.java:35) File size service shutting down 
20 Apr 2025 19:47:21,102 INFO com.sismics.docs.core.service.InboxService.shutDown(InboxService.java:57) Inbox service shutting down 
20 Apr 2025 19:47:21,103 INFO com.sismics.docs.core.service.FileService.shutDown(FileService.java:44) File service shutting down 
20 Apr 2025 19:47:23,759 INFO com.sismics.util.jpa.EMF.getEntityManagerProperties(EMF.java:67) Configuring EntityManager from hibernate.properties 
20 Apr 2025 19:47:24,051 INFO com.sismics.util.jpa.DbOpenHelper.open(DbOpenHelper.java:57) Opening database and executing incremental updates 
20 Apr 2025 19:47:24,053 INFO com.sismics.util.jpa.DbOpenHelper.open(DbOpenHelper.java:106) Found database version 31, new version is 31, executing database incremental update scripts 
20 Apr 2025 19:47:24,053 INFO com.sismics.util.jpa.DbOpenHelper.open(DbOpenHelper.java:108) Database upgrade complete 
20 Apr 2025 19:47:24,053 INFO com.sismics.util.jpa.EMF.getEntityManagerProperties(EMF.java:67) Configuring EntityManager from hibernate.properties 
20 Apr 2025 19:47:24,971 INFO com.sismics.util.ClasspathScanner.findClasses(ClasspathScanner.java:48) Found 1 classes for IndexingHandler 
20 Apr 2025 19:47:24,994 INFO com.sismics.docs.core.util.indexing.LuceneIndexingHandler.initLucene(LuceneIndexingHandler.java:129) Using RAM Lucene storage 
20 Apr 2025 19:47:25,034 INFO com.sismics.docs.core.service.FileService.startUp(FileService.java:39) File service starting up 
20 Apr 2025 19:47:25,035 INFO com.sismics.docs.core.service.InboxService.startUp(InboxService.java:52) Inbox service starting up 
20 Apr 2025 19:47:25,036 INFO com.sismics.docs.core.service.FileSizeService.startUp(FileSizeService.java:30) File size service starting up 
20 Apr 2025 19:47:25,197 INFO com.sismics.docs.core.service.FileSizeService.lambda$runOneIteration$0(FileSizeService.java:50) No more file to process, stopping the service 
20 Apr 2025 19:47:25,198 INFO com.sismics.docs.core.service.FileSizeService.shutDown(FileSizeService.java:35) File size service shutting down 
20 Apr 2025 19:49:58,099 INFO com.sismics.docs.core.service.InboxService.shutDown(InboxService.java:57) Inbox service shutting down 
20 Apr 2025 19:49:58,100 INFO com.sismics.docs.core.service.FileService.shutDown(FileService.java:44) File service shutting down 
20 Apr 2025 19:50:00,794 INFO com.sismics.util.jpa.EMF.getEntityManagerProperties(EMF.java:67) Configuring EntityManager from hibernate.properties 
20 Apr 2025 19:50:01,089 INFO com.sismics.util.jpa.DbOpenHelper.open(DbOpenHelper.java:57) Opening database and executing incremental updates 
20 Apr 2025 19:50:01,092 INFO com.sismics.util.jpa.DbOpenHelper.open(DbOpenHelper.java:106) Found database version 31, new version is 31, executing database incremental update scripts 
20 Apr 2025 19:50:01,092 INFO com.sismics.util.jpa.DbOpenHelper.open(DbOpenHelper.java:108) Database upgrade complete 
20 Apr 2025 19:50:01,092 INFO com.sismics.util.jpa.EMF.getEntityManagerProperties(EMF.java:67) Configuring EntityManager from hibernate.properties 
20 Apr 2025 19:50:02,012 INFO com.sismics.util.ClasspathScanner.findClasses(ClasspathScanner.java:48) Found 1 classes for IndexingHandler 
20 Apr 2025 19:50:02,036 INFO com.sismics.docs.core.util.indexing.LuceneIndexingHandler.initLucene(LuceneIndexingHandler.java:129) Using RAM Lucene storage 
20 Apr 2025 19:50:02,078 INFO com.sismics.docs.core.service.FileService.startUp(FileService.java:39) File service starting up 
20 Apr 2025 19:50:02,080 INFO com.sismics.docs.core.service.InboxService.startUp(InboxService.java:52) Inbox service starting up 
20 Apr 2025 19:50:02,080 INFO com.sismics.docs.core.service.FileSizeService.startUp(FileSizeService.java:30) File size service starting up 
20 Apr 2025 19:50:02,247 INFO com.sismics.docs.core.service.FileSizeService.lambda$runOneIteration$0(FileSizeService.java:50) No more file to process, stopping the service 
20 Apr 2025 19:50:02,248 INFO com.sismics.docs.core.service.FileSizeService.shutDown(FileSizeService.java:35) File size service shutting down 
20 Apr 2025 19:52:46,061 INFO com.sismics.docs.core.service.InboxService.shutDown(InboxService.java:57) Inbox service shutting down 
20 Apr 2025 19:52:46,062 INFO com.sismics.docs.core.service.FileService.shutDown(FileService.java:44) File service shutting down 
20 Apr 2025 19:55:54,551 INFO com.sismics.util.jpa.EMF.getEntityManagerProperties(EMF.java:67) Configuring EntityManager from hibernate.properties 
20 Apr 2025 19:55:54,861 INFO com.sismics.util.jpa.DbOpenHelper.open(DbOpenHelper.java:57) Opening database and executing incremental updates 
20 Apr 2025 19:55:54,863 INFO com.sismics.util.jpa.DbOpenHelper.open(DbOpenHelper.java:106) Found database version 31, new version is 31, executing database incremental update scripts 
20 Apr 2025 19:55:54,863 INFO com.sismics.util.jpa.DbOpenHelper.open(DbOpenHelper.java:108) Database upgrade complete 
20 Apr 2025 19:55:54,863 INFO com.sismics.util.jpa.EMF.getEntityManagerProperties(EMF.java:67) Configuring EntityManager from hibernate.properties 
20 Apr 2025 19:55:55,763 INFO com.sismics.util.ClasspathScanner.findClasses(ClasspathScanner.java:48) Found 1 classes for IndexingHandler 
20 Apr 2025 19:55:55,785 INFO com.sismics.docs.core.util.indexing.LuceneIndexingHandler.initLucene(LuceneIndexingHandler.java:129) Using RAM Lucene storage 
20 Apr 2025 19:55:55,826 INFO com.sismics.docs.core.service.FileService.startUp(FileService.java:39) File service starting up 
20 Apr 2025 19:55:55,828 INFO com.sismics.docs.core.service.InboxService.startUp(InboxService.java:52) Inbox service starting up 
20 Apr 2025 19:55:55,829 INFO com.sismics.docs.core.service.FileSizeService.startUp(FileSizeService.java:30) File size service starting up 
20 Apr 2025 19:55:55,982 INFO com.sismics.docs.core.service.FileSizeService.lambda$runOneIteration$0(FileSizeService.java:50) No more file to process, stopping the service 
20 Apr 2025 19:55:55,982 INFO com.sismics.docs.core.service.FileSizeService.shutDown(FileSizeService.java:35) File size service shutting down 
20 Apr 2025 19:57:45,189 INFO com.sismics.docs.core.service.InboxService.shutDown(InboxService.java:57) Inbox service shutting down 
20 Apr 2025 19:57:45,190 INFO com.sismics.docs.core.service.FileService.shutDown(FileService.java:44) File service shutting down 
20 Apr 2025 19:57:48,497 INFO com.sismics.util.jpa.EMF.getEntityManagerProperties(EMF.java:67) Configuring EntityManager from hibernate.properties 
20 Apr 2025 19:57:48,792 INFO com.sismics.util.jpa.DbOpenHelper.open(DbOpenHelper.java:57) Opening database and executing incremental updates 
20 Apr 2025 19:57:48,794 INFO com.sismics.util.jpa.DbOpenHelper.open(DbOpenHelper.java:106) Found database version 31, new version is 31, executing database incremental update scripts 
20 Apr 2025 19:57:48,794 INFO com.sismics.util.jpa.DbOpenHelper.open(DbOpenHelper.java:108) Database upgrade complete 
20 Apr 2025 19:57:48,794 INFO com.sismics.util.jpa.EMF.getEntityManagerProperties(EMF.java:67) Configuring EntityManager from hibernate.properties 
20 Apr 2025 19:57:49,706 INFO com.sismics.util.ClasspathScanner.findClasses(ClasspathScanner.java:48) Found 1 classes for IndexingHandler 
20 Apr 2025 19:57:49,729 INFO com.sismics.docs.core.util.indexing.LuceneIndexingHandler.initLucene(LuceneIndexingHandler.java:129) Using RAM Lucene storage 
20 Apr 2025 19:57:49,771 INFO com.sismics.docs.core.service.FileService.startUp(FileService.java:39) File service starting up 
20 Apr 2025 19:57:49,773 INFO com.sismics.docs.core.service.InboxService.startUp(InboxService.java:52) Inbox service starting up 
20 Apr 2025 19:57:49,773 INFO com.sismics.docs.core.service.FileSizeService.startUp(FileSizeService.java:30) File size service starting up 
20 Apr 2025 19:57:49,937 INFO com.sismics.docs.core.service.FileSizeService.lambda$runOneIteration$0(FileSizeService.java:50) No more file to process, stopping the service 
20 Apr 2025 19:57:49,938 INFO com.sismics.docs.core.service.FileSizeService.shutDown(FileSizeService.java:35) File size service shutting down 
20 Apr 2025 19:58:44,898 INFO com.sismics.docs.core.service.InboxService.shutDown(InboxService.java:57) Inbox service shutting down 
20 Apr 2025 19:58:44,899 INFO com.sismics.docs.core.service.FileService.shutDown(FileService.java:44) File service shutting down 
20 Apr 2025 19:59:23,683 INFO com.sismics.util.jpa.EMF.getEntityManagerProperties(EMF.java:67) Configuring EntityManager from hibernate.properties 
20 Apr 2025 19:59:23,971 INFO com.sismics.util.jpa.DbOpenHelper.open(DbOpenHelper.java:57) Opening database and executing incremental updates 
20 Apr 2025 19:59:23,973 INFO com.sismics.util.jpa.DbOpenHelper.open(DbOpenHelper.java:106) Found database version 31, new version is 31, executing database incremental update scripts 
20 Apr 2025 19:59:23,973 INFO com.sismics.util.jpa.DbOpenHelper.open(DbOpenHelper.java:108) Database upgrade complete 
20 Apr 2025 19:59:23,973 INFO com.sismics.util.jpa.EMF.getEntityManagerProperties(EMF.java:67) Configuring EntityManager from hibernate.properties 
20 Apr 2025 19:59:25,003 INFO com.sismics.util.ClasspathScanner.findClasses(ClasspathScanner.java:48) Found 1 classes for IndexingHandler 
20 Apr 2025 19:59:25,031 INFO com.sismics.docs.core.util.indexing.LuceneIndexingHandler.initLucene(LuceneIndexingHandler.java:129) Using RAM Lucene storage 
20 Apr 2025 19:59:25,075 INFO com.sismics.docs.core.service.FileService.startUp(FileService.java:39) File service starting up 
20 Apr 2025 19:59:25,077 INFO com.sismics.docs.core.service.InboxService.startUp(InboxService.java:52) Inbox service starting up 
20 Apr 2025 19:59:25,077 INFO com.sismics.docs.core.service.FileSizeService.startUp(FileSizeService.java:30) File size service starting up 
20 Apr 2025 19:59:25,244 INFO com.sismics.docs.core.service.FileSizeService.lambda$runOneIteration$0(FileSizeService.java:50) No more file to process, stopping the service 
20 Apr 2025 19:59:25,244 INFO com.sismics.docs.core.service.FileSizeService.shutDown(FileSizeService.java:35) File size service shutting down 
20 Apr 2025 20:00:43,659 INFO com.sismics.docs.core.service.InboxService.shutDown(InboxService.java:57) Inbox service shutting down 
20 Apr 2025 20:00:43,660 INFO com.sismics.docs.core.service.FileService.shutDown(FileService.java:44) File service shutting down 
20 Apr 2025 20:01:18,419 INFO com.sismics.util.jpa.EMF.getEntityManagerProperties(EMF.java:67) Configuring EntityManager from hibernate.properties 
20 Apr 2025 20:01:18,730 INFO com.sismics.util.jpa.DbOpenHelper.open(DbOpenHelper.java:57) Opening database and executing incremental updates 
20 Apr 2025 20:01:18,732 INFO com.sismics.util.jpa.DbOpenHelper.open(DbOpenHelper.java:106) Found database version 31, new version is 31, executing database incremental update scripts 
20 Apr 2025 20:01:18,732 INFO com.sismics.util.jpa.DbOpenHelper.open(DbOpenHelper.java:108) Database upgrade complete 
20 Apr 2025 20:01:18,733 INFO com.sismics.util.jpa.EMF.getEntityManagerProperties(EMF.java:67) Configuring EntityManager from hibernate.properties 
20 Apr 2025 20:01:19,637 INFO com.sismics.util.ClasspathScanner.findClasses(ClasspathScanner.java:48) Found 1 classes for IndexingHandler 
20 Apr 2025 20:01:19,661 INFO com.sismics.docs.core.util.indexing.LuceneIndexingHandler.initLucene(LuceneIndexingHandler.java:129) Using RAM Lucene storage 
20 Apr 2025 20:01:19,702 INFO com.sismics.docs.core.service.FileService.startUp(FileService.java:39) File service starting up 
20 Apr 2025 20:01:19,704 INFO com.sismics.docs.core.service.InboxService.startUp(InboxService.java:52) Inbox service starting up 
20 Apr 2025 20:01:19,705 INFO com.sismics.docs.core.service.FileSizeService.startUp(FileSizeService.java:30) File size service starting up 
20 Apr 2025 20:01:19,857 INFO com.sismics.docs.core.service.FileSizeService.lambda$runOneIteration$0(FileSizeService.java:50) No more file to process, stopping the service 
20 Apr 2025 20:01:19,858 INFO com.sismics.docs.core.service.FileSizeService.shutDown(FileSizeService.java:35) File size service shutting down 
20 Apr 2025 20:10:05,320 INFO com.sismics.docs.core.service.InboxService.shutDown(InboxService.java:57) Inbox service shutting down 
20 Apr 2025 20:10:05,320 INFO com.sismics.docs.core.service.FileService.shutDown(FileService.java:44) File service shutting down 
20 Apr 2025 20:10:08,244 INFO com.sismics.util.jpa.EMF.getEntityManagerProperties(EMF.java:67) Configuring EntityManager from hibernate.properties 
20 Apr 2025 20:10:08,524 INFO com.sismics.util.jpa.DbOpenHelper.open(DbOpenHelper.java:57) Opening database and executing incremental updates 
20 Apr 2025 20:10:08,527 INFO com.sismics.util.jpa.DbOpenHelper.open(DbOpenHelper.java:106) Found database version 31, new version is 31, executing database incremental update scripts 
20 Apr 2025 20:10:08,527 INFO com.sismics.util.jpa.DbOpenHelper.open(DbOpenHelper.java:108) Database upgrade complete 
20 Apr 2025 20:10:08,527 INFO com.sismics.util.jpa.EMF.getEntityManagerProperties(EMF.java:67) Configuring EntityManager from hibernate.properties 
20 Apr 2025 20:10:09,446 INFO com.sismics.util.ClasspathScanner.findClasses(ClasspathScanner.java:48) Found 1 classes for IndexingHandler 
20 Apr 2025 20:10:09,470 INFO com.sismics.docs.core.util.indexing.LuceneIndexingHandler.initLucene(LuceneIndexingHandler.java:129) Using RAM Lucene storage 
20 Apr 2025 20:10:09,511 INFO com.sismics.docs.core.service.FileService.startUp(FileService.java:39) File service starting up 
20 Apr 2025 20:10:09,513 INFO com.sismics.docs.core.service.InboxService.startUp(InboxService.java:52) Inbox service starting up 
20 Apr 2025 20:10:09,513 INFO com.sismics.docs.core.service.FileSizeService.startUp(FileSizeService.java:30) File size service starting up 
20 Apr 2025 20:10:09,671 INFO com.sismics.docs.core.service.FileSizeService.lambda$runOneIteration$0(FileSizeService.java:50) No more file to process, stopping the service 
20 Apr 2025 20:10:09,671 INFO com.sismics.docs.core.service.FileSizeService.shutDown(FileSizeService.java:35) File size service shutting down 
20 Apr 2025 20:22:24,063 INFO com.sismics.docs.core.service.InboxService.shutDown(InboxService.java:57) Inbox service shutting down 
20 Apr 2025 20:22:24,064 INFO com.sismics.docs.core.service.FileService.shutDown(FileService.java:44) File service shutting down 
20 Apr 2025 20:22:28,556 INFO com.sismics.util.jpa.EMF.getEntityManagerProperties(EMF.java:67) Configuring EntityManager from hibernate.properties 
20 Apr 2025 20:22:28,850 INFO com.sismics.util.jpa.DbOpenHelper.open(DbOpenHelper.java:57) Opening database and executing incremental updates 
20 Apr 2025 20:22:28,852 INFO com.sismics.util.jpa.DbOpenHelper.open(DbOpenHelper.java:106) Found database version 31, new version is 31, executing database incremental update scripts 
20 Apr 2025 20:22:28,852 INFO com.sismics.util.jpa.DbOpenHelper.open(DbOpenHelper.java:108) Database upgrade complete 
20 Apr 2025 20:22:28,852 INFO com.sismics.util.jpa.EMF.getEntityManagerProperties(EMF.java:67) Configuring EntityManager from hibernate.properties 
20 Apr 2025 20:22:29,776 INFO com.sismics.util.ClasspathScanner.findClasses(ClasspathScanner.java:48) Found 1 classes for IndexingHandler 
20 Apr 2025 20:22:29,799 INFO com.sismics.docs.core.util.indexing.LuceneIndexingHandler.initLucene(LuceneIndexingHandler.java:129) Using RAM Lucene storage 
20 Apr 2025 20:22:29,840 INFO com.sismics.docs.core.service.FileService.startUp(FileService.java:39) File service starting up 
20 Apr 2025 20:22:29,842 INFO com.sismics.docs.core.service.InboxService.startUp(InboxService.java:52) Inbox service starting up 
20 Apr 2025 20:22:29,842 INFO com.sismics.docs.core.service.FileSizeService.startUp(FileSizeService.java:30) File size service starting up 
20 Apr 2025 20:22:30,004 INFO com.sismics.docs.core.service.FileSizeService.lambda$runOneIteration$0(FileSizeService.java:50) No more file to process, stopping the service 
20 Apr 2025 20:22:30,004 INFO com.sismics.docs.core.service.FileSizeService.shutDown(FileSizeService.java:35) File size service shutting down 
20 Apr 2025 20:22:35,180 INFO com.sismics.docs.core.service.InboxService.shutDown(InboxService.java:57) Inbox service shutting down 
20 Apr 2025 20:22:35,181 INFO com.sismics.docs.core.service.FileService.shutDown(FileService.java:44) File service shutting down 
20 Apr 2025 21:38:39,225 INFO com.sismics.util.jpa.EMF.getEntityManagerProperties(EMF.java:67) Configuring EntityManager from hibernate.properties 
20 Apr 2025 21:38:39,549 INFO com.sismics.util.jpa.DbOpenHelper.open(DbOpenHelper.java:57) Opening database and executing incremental updates 
20 Apr 2025 21:38:39,551 INFO com.sismics.util.jpa.DbOpenHelper.open(DbOpenHelper.java:106) Found database version 31, new version is 31, executing database incremental update scripts 
20 Apr 2025 21:38:39,551 INFO com.sismics.util.jpa.DbOpenHelper.open(DbOpenHelper.java:108) Database upgrade complete 
20 Apr 2025 21:38:39,551 INFO com.sismics.util.jpa.EMF.getEntityManagerProperties(EMF.java:67) Configuring EntityManager from hibernate.properties 
20 Apr 2025 21:38:40,508 INFO com.sismics.util.ClasspathScanner.findClasses(ClasspathScanner.java:48) Found 1 classes for IndexingHandler 
20 Apr 2025 21:38:40,530 INFO com.sismics.docs.core.util.indexing.LuceneIndexingHandler.initLucene(LuceneIndexingHandler.java:129) Using RAM Lucene storage 
20 Apr 2025 21:38:40,572 INFO com.sismics.docs.core.service.FileService.startUp(FileService.java:39) File service starting up 
20 Apr 2025 21:38:40,573 INFO com.sismics.docs.core.service.InboxService.startUp(InboxService.java:52) Inbox service starting up 
20 Apr 2025 21:38:40,574 INFO com.sismics.docs.core.service.FileSizeService.startUp(FileSizeService.java:30) File size service starting up 
20 Apr 2025 21:38:40,753 INFO com.sismics.docs.core.service.FileSizeService.lambda$runOneIteration$0(FileSizeService.java:50) No more file to process, stopping the service 
20 Apr 2025 21:38:40,754 INFO com.sismics.docs.core.service.FileSizeService.shutDown(FileSizeService.java:35) File size service shutting down 
20 Apr 2025 21:39:54,270 INFO com.sismics.docs.core.service.InboxService.shutDown(InboxService.java:57) Inbox service shutting down 
20 Apr 2025 21:39:54,271 INFO com.sismics.docs.core.service.FileService.shutDown(FileService.java:44) File service shutting down 
20 Apr 2025 21:44:33,836 INFO com.sismics.util.jpa.EMF.getEntityManagerProperties(EMF.java:67) Configuring EntityManager from hibernate.properties 
20 Apr 2025 21:44:34,223 INFO com.sismics.util.jpa.DbOpenHelper.open(DbOpenHelper.java:57) Opening database and executing incremental updates 
20 Apr 2025 21:44:34,225 INFO com.sismics.util.jpa.DbOpenHelper.open(DbOpenHelper.java:106) Found database version 31, new version is 31, executing database incremental update scripts 
20 Apr 2025 21:44:34,225 INFO com.sismics.util.jpa.DbOpenHelper.open(DbOpenHelper.java:108) Database upgrade complete 
20 Apr 2025 21:44:34,225 INFO com.sismics.util.jpa.EMF.getEntityManagerProperties(EMF.java:67) Configuring EntityManager from hibernate.properties 
20 Apr 2025 21:44:35,208 INFO com.sismics.util.ClasspathScanner.findClasses(ClasspathScanner.java:48) Found 1 classes for IndexingHandler 
20 Apr 2025 21:44:35,231 INFO com.sismics.docs.core.util.indexing.LuceneIndexingHandler.initLucene(LuceneIndexingHandler.java:129) Using RAM Lucene storage 
20 Apr 2025 21:44:35,274 INFO com.sismics.docs.core.service.FileService.startUp(FileService.java:39) File service starting up 
20 Apr 2025 21:44:35,276 INFO com.sismics.docs.core.service.InboxService.startUp(InboxService.java:52) Inbox service starting up 
20 Apr 2025 21:44:35,277 INFO com.sismics.docs.core.service.FileSizeService.startUp(FileSizeService.java:30) File size service starting up 
20 Apr 2025 21:44:35,462 INFO com.sismics.docs.core.service.FileSizeService.lambda$runOneIteration$0(FileSizeService.java:50) No more file to process, stopping the service 
20 Apr 2025 21:44:35,463 INFO com.sismics.docs.core.service.FileSizeService.shutDown(FileSizeService.java:35) File size service shutting down 
20 Apr 2025 21:58:06,164 ERROR com.sismics.util.filter.RequestContextFilter.doFilter(RequestContextFilter.java:95) An exception occured, rolling back current transaction 
jakarta.servlet.ServletException: org.json.JSONException: A JSONObject text must begin with '{' at 0 [character 1 line 1]
	at org.glassfish.jersey.servlet.WebComponent.serviceImpl(WebComponent.java:410)
	at org.glassfish.jersey.servlet.WebComponent.service(WebComponent.java:346)
	at org.glassfish.jersey.servlet.ServletContainer.service(ServletContainer.java:358)
	at org.glassfish.jersey.servlet.ServletContainer.service(ServletContainer.java:311)
	at org.glassfish.jersey.servlet.ServletContainer.service(ServletContainer.java:205)
	at org.eclipse.jetty.servlet.ServletHolder.handle(ServletHolder.java:764)
	at org.eclipse.jetty.servlet.ServletHandler$ChainEnd.doFilter(ServletHandler.java:1665)
	at com.sismics.util.filter.SecurityFilter.doFilter(SecurityFilter.java:134)
	at org.eclipse.jetty.servlet.FilterHolder.doFilter(FilterHolder.java:202)
	at org.eclipse.jetty.servlet.ServletHandler$Chain.doFilter(ServletHandler.java:1635)
	at com.sismics.util.filter.SecurityFilter.doFilter(SecurityFilter.java:134)
	at org.eclipse.jetty.servlet.FilterHolder.doFilter(FilterHolder.java:202)
	at org.eclipse.jetty.servlet.ServletHandler$Chain.doFilter(ServletHandler.java:1635)
	at com.sismics.util.filter.SecurityFilter.doFilter(SecurityFilter.java:134)
	at org.eclipse.jetty.servlet.FilterHolder.doFilter(FilterHolder.java:202)
	at org.eclipse.jetty.servlet.ServletHandler$Chain.doFilter(ServletHandler.java:1635)
	at com.sismics.util.filter.RequestContextFilter.doFilter(RequestContextFilter.java:89)
	at org.eclipse.jetty.servlet.FilterHolder.doFilter(FilterHolder.java:202)
	at org.eclipse.jetty.servlet.ServletHandler$Chain.doFilter(ServletHandler.java:1635)
	at com.sismics.util.filter.CorsFilter.doFilter(CorsFilter.java:39)
	at org.eclipse.jetty.servlet.FilterHolder.doFilter(FilterHolder.java:202)
	at org.eclipse.jetty.servlet.ServletHandler$Chain.doFilter(ServletHandler.java:1635)
	at org.eclipse.jetty.websocket.servlet.WebSocketUpgradeFilter.doFilter(WebSocketUpgradeFilter.java:170)
	at org.eclipse.jetty.servlet.FilterHolder.doFilter(FilterHolder.java:202)
	at org.eclipse.jetty.servlet.ServletHandler$Chain.doFilter(ServletHandler.java:1635)
	at org.eclipse.jetty.servlet.ServletHandler.doHandle(ServletHandler.java:527)
	at org.eclipse.jetty.server.handler.ScopedHandler.handle(ScopedHandler.java:131)
	at org.eclipse.jetty.security.SecurityHandler.handle(SecurityHandler.java:598)
	at org.eclipse.jetty.server.handler.HandlerWrapper.handle(HandlerWrapper.java:122)
	at org.eclipse.jetty.server.handler.ScopedHandler.nextHandle(ScopedHandler.java:223)
	at org.eclipse.jetty.server.session.SessionHandler.doHandle(SessionHandler.java:1580)
	at org.eclipse.jetty.server.handler.ScopedHandler.nextHandle(ScopedHandler.java:221)
	at org.eclipse.jetty.server.handler.ContextHandler.doHandle(ContextHandler.java:1381)
	at org.eclipse.jetty.server.handler.ScopedHandler.nextScope(ScopedHandler.java:176)
	at org.eclipse.jetty.servlet.ServletHandler.doScope(ServletHandler.java:484)
	at org.eclipse.jetty.server.session.SessionHandler.doScope(SessionHandler.java:1553)
	at org.eclipse.jetty.server.handler.ScopedHandler.nextScope(ScopedHandler.java:174)
	at org.eclipse.jetty.server.handler.ContextHandler.doScope(ContextHandler.java:1303)
	at org.eclipse.jetty.server.handler.ScopedHandler.handle(ScopedHandler.java:129)
	at org.eclipse.jetty.server.handler.ContextHandlerCollection.handle(ContextHandlerCollection.java:149)
	at org.eclipse.jetty.server.handler.HandlerList.handle(HandlerList.java:51)
	at org.eclipse.jetty.server.handler.HandlerWrapper.handle(HandlerWrapper.java:122)
	at org.eclipse.jetty.server.Server.handle(Server.java:563)
	at org.eclipse.jetty.server.HttpChannel$RequestDispatchable.dispatch(HttpChannel.java:1598)
	at org.eclipse.jetty.server.HttpChannel.dispatch(HttpChannel.java:753)
	at org.eclipse.jetty.server.HttpChannel.handle(HttpChannel.java:501)
	at org.eclipse.jetty.server.HttpConnection.onFillable(HttpConnection.java:287)
	at org.eclipse.jetty.io.AbstractConnection$ReadCallback.succeeded(AbstractConnection.java:314)
	at org.eclipse.jetty.io.FillInterest.fillable(FillInterest.java:100)
	at org.eclipse.jetty.io.SelectableChannelEndPoint$1.run(SelectableChannelEndPoint.java:53)
	at org.eclipse.jetty.util.thread.strategy.AdaptiveExecutionStrategy.runTask(AdaptiveExecutionStrategy.java:421)
	at org.eclipse.jetty.util.thread.strategy.AdaptiveExecutionStrategy.consumeTask(AdaptiveExecutionStrategy.java:390)
	at org.eclipse.jetty.util.thread.strategy.AdaptiveExecutionStrategy.tryProduce(AdaptiveExecutionStrategy.java:277)
	at org.eclipse.jetty.util.thread.strategy.AdaptiveExecutionStrategy.run(AdaptiveExecutionStrategy.java:199)
	at org.eclipse.jetty.util.thread.ReservedThreadExecutor$ReservedThread.run(ReservedThreadExecutor.java:411)
	at org.eclipse.jetty.util.thread.QueuedThreadPool.runJob(QueuedThreadPool.java:969)
	at org.eclipse.jetty.util.thread.QueuedThreadPool$Runner.doRunJob(QueuedThreadPool.java:1194)
	at org.eclipse.jetty.util.thread.QueuedThreadPool$Runner.run(QueuedThreadPool.java:1149)
	at java.base/java.lang.Thread.run(Thread.java:1583)
Caused by: org.json.JSONException: A JSONObject text must begin with '{' at 0 [character 1 line 1]
	at org.json.JSONTokener.syntaxError(JSONTokener.java:507)
	at org.json.JSONObject.<init>(JSONObject.java:222)
	at org.json.JSONObject.<init>(JSONObject.java:406)
	at com.sismics.docs.core.service.TranslationService.translateText(TranslationService.java:42)
	at com.sismics.docs.rest.resource.TranslationResource.translate(TranslationResource.java:21)
	at java.base/jdk.internal.reflect.DirectMethodHandleAccessor.invoke(DirectMethodHandleAccessor.java:103)
	at java.base/java.lang.reflect.Method.invoke(Method.java:580)
	at org.glassfish.jersey.server.model.internal.ResourceMethodInvocationHandlerFactory.lambda$static$0(ResourceMethodInvocationHandlerFactory.java:52)
	at org.glassfish.jersey.server.model.internal.AbstractJavaResourceMethodDispatcher$1.run(AbstractJavaResourceMethodDispatcher.java:134)
	at org.glassfish.jersey.server.model.internal.AbstractJavaResourceMethodDispatcher.invoke(AbstractJavaResourceMethodDispatcher.java:177)
	at org.glassfish.jersey.server.model.internal.JavaResourceMethodDispatcherProvider$ResponseOutInvoker.doDispatch(JavaResourceMethodDispatcherProvider.java:176)
	at org.glassfish.jersey.server.model.internal.AbstractJavaResourceMethodDispatcher.dispatch(AbstractJavaResourceMethodDispatcher.java:81)
	at org.glassfish.jersey.server.model.ResourceMethodInvoker.invoke(ResourceMethodInvoker.java:478)
	at org.glassfish.jersey.server.model.ResourceMethodInvoker.apply(ResourceMethodInvoker.java:400)
	at org.glassfish.jersey.server.model.ResourceMethodInvoker.apply(ResourceMethodInvoker.java:81)
	at org.glassfish.jersey.server.ServerRuntime$1.run(ServerRuntime.java:256)
	at org.glassfish.jersey.internal.Errors$1.call(Errors.java:248)
	at org.glassfish.jersey.internal.Errors$1.call(Errors.java:244)
	at org.glassfish.jersey.internal.Errors.process(Errors.java:292)
	at org.glassfish.jersey.internal.Errors.process(Errors.java:274)
	at org.glassfish.jersey.internal.Errors.process(Errors.java:244)
	at org.glassfish.jersey.process.internal.RequestScope.runInScope(RequestScope.java:265)
	at org.glassfish.jersey.server.ServerRuntime.process(ServerRuntime.java:235)
	at org.glassfish.jersey.server.ApplicationHandler.handle(ApplicationHandler.java:684)
	at org.glassfish.jersey.servlet.WebComponent.serviceImpl(WebComponent.java:394)
	... 58 more
20 Apr 2025 21:58:22,374 ERROR com.sismics.util.filter.RequestContextFilter.doFilter(RequestContextFilter.java:95) An exception occured, rolling back current transaction 
jakarta.servlet.ServletException: org.json.JSONException: A JSONObject text must begin with '{' at 0 [character 1 line 1]
	at org.glassfish.jersey.servlet.WebComponent.serviceImpl(WebComponent.java:410)
	at org.glassfish.jersey.servlet.WebComponent.service(WebComponent.java:346)
	at org.glassfish.jersey.servlet.ServletContainer.service(ServletContainer.java:358)
	at org.glassfish.jersey.servlet.ServletContainer.service(ServletContainer.java:311)
	at org.glassfish.jersey.servlet.ServletContainer.service(ServletContainer.java:205)
	at org.eclipse.jetty.servlet.ServletHolder.handle(ServletHolder.java:764)
	at org.eclipse.jetty.servlet.ServletHandler$ChainEnd.doFilter(ServletHandler.java:1665)
	at com.sismics.util.filter.SecurityFilter.doFilter(SecurityFilter.java:134)
	at org.eclipse.jetty.servlet.FilterHolder.doFilter(FilterHolder.java:202)
	at org.eclipse.jetty.servlet.ServletHandler$Chain.doFilter(ServletHandler.java:1635)
	at com.sismics.util.filter.SecurityFilter.doFilter(SecurityFilter.java:134)
	at org.eclipse.jetty.servlet.FilterHolder.doFilter(FilterHolder.java:202)
	at org.eclipse.jetty.servlet.ServletHandler$Chain.doFilter(ServletHandler.java:1635)
	at com.sismics.util.filter.SecurityFilter.doFilter(SecurityFilter.java:134)
	at org.eclipse.jetty.servlet.FilterHolder.doFilter(FilterHolder.java:202)
	at org.eclipse.jetty.servlet.ServletHandler$Chain.doFilter(ServletHandler.java:1635)
	at com.sismics.util.filter.RequestContextFilter.doFilter(RequestContextFilter.java:89)
	at org.eclipse.jetty.servlet.FilterHolder.doFilter(FilterHolder.java:202)
	at org.eclipse.jetty.servlet.ServletHandler$Chain.doFilter(ServletHandler.java:1635)
	at com.sismics.util.filter.CorsFilter.doFilter(CorsFilter.java:39)
	at org.eclipse.jetty.servlet.FilterHolder.doFilter(FilterHolder.java:202)
	at org.eclipse.jetty.servlet.ServletHandler$Chain.doFilter(ServletHandler.java:1635)
	at org.eclipse.jetty.websocket.servlet.WebSocketUpgradeFilter.doFilter(WebSocketUpgradeFilter.java:170)
	at org.eclipse.jetty.servlet.FilterHolder.doFilter(FilterHolder.java:202)
	at org.eclipse.jetty.servlet.ServletHandler$Chain.doFilter(ServletHandler.java:1635)
	at org.eclipse.jetty.servlet.ServletHandler.doHandle(ServletHandler.java:527)
	at org.eclipse.jetty.server.handler.ScopedHandler.handle(ScopedHandler.java:131)
	at org.eclipse.jetty.security.SecurityHandler.handle(SecurityHandler.java:598)
	at org.eclipse.jetty.server.handler.HandlerWrapper.handle(HandlerWrapper.java:122)
	at org.eclipse.jetty.server.handler.ScopedHandler.nextHandle(ScopedHandler.java:223)
	at org.eclipse.jetty.server.session.SessionHandler.doHandle(SessionHandler.java:1580)
	at org.eclipse.jetty.server.handler.ScopedHandler.nextHandle(ScopedHandler.java:221)
	at org.eclipse.jetty.server.handler.ContextHandler.doHandle(ContextHandler.java:1381)
	at org.eclipse.jetty.server.handler.ScopedHandler.nextScope(ScopedHandler.java:176)
	at org.eclipse.jetty.servlet.ServletHandler.doScope(ServletHandler.java:484)
	at org.eclipse.jetty.server.session.SessionHandler.doScope(SessionHandler.java:1553)
	at org.eclipse.jetty.server.handler.ScopedHandler.nextScope(ScopedHandler.java:174)
	at org.eclipse.jetty.server.handler.ContextHandler.doScope(ContextHandler.java:1303)
	at org.eclipse.jetty.server.handler.ScopedHandler.handle(ScopedHandler.java:129)
	at org.eclipse.jetty.server.handler.ContextHandlerCollection.handle(ContextHandlerCollection.java:149)
	at org.eclipse.jetty.server.handler.HandlerList.handle(HandlerList.java:51)
	at org.eclipse.jetty.server.handler.HandlerWrapper.handle(HandlerWrapper.java:122)
	at org.eclipse.jetty.server.Server.handle(Server.java:563)
	at org.eclipse.jetty.server.HttpChannel$RequestDispatchable.dispatch(HttpChannel.java:1598)
	at org.eclipse.jetty.server.HttpChannel.dispatch(HttpChannel.java:753)
	at org.eclipse.jetty.server.HttpChannel.handle(HttpChannel.java:501)
	at org.eclipse.jetty.server.HttpConnection.onFillable(HttpConnection.java:287)
	at org.eclipse.jetty.io.AbstractConnection$ReadCallback.succeeded(AbstractConnection.java:314)
	at org.eclipse.jetty.io.FillInterest.fillable(FillInterest.java:100)
	at org.eclipse.jetty.io.SelectableChannelEndPoint$1.run(SelectableChannelEndPoint.java:53)
	at org.eclipse.jetty.util.thread.strategy.AdaptiveExecutionStrategy.runTask(AdaptiveExecutionStrategy.java:421)
	at org.eclipse.jetty.util.thread.strategy.AdaptiveExecutionStrategy.consumeTask(AdaptiveExecutionStrategy.java:390)
	at org.eclipse.jetty.util.thread.strategy.AdaptiveExecutionStrategy.tryProduce(AdaptiveExecutionStrategy.java:277)
	at org.eclipse.jetty.util.thread.strategy.AdaptiveExecutionStrategy.run(AdaptiveExecutionStrategy.java:199)
	at org.eclipse.jetty.util.thread.ReservedThreadExecutor$ReservedThread.run(ReservedThreadExecutor.java:411)
	at org.eclipse.jetty.util.thread.QueuedThreadPool.runJob(QueuedThreadPool.java:969)
	at org.eclipse.jetty.util.thread.QueuedThreadPool$Runner.doRunJob(QueuedThreadPool.java:1194)
	at org.eclipse.jetty.util.thread.QueuedThreadPool$Runner.run(QueuedThreadPool.java:1149)
	at java.base/java.lang.Thread.run(Thread.java:1583)
Caused by: org.json.JSONException: A JSONObject text must begin with '{' at 0 [character 1 line 1]
	at org.json.JSONTokener.syntaxError(JSONTokener.java:507)
	at org.json.JSONObject.<init>(JSONObject.java:222)
	at org.json.JSONObject.<init>(JSONObject.java:406)
	at com.sismics.docs.core.service.TranslationService.translateText(TranslationService.java:42)
	at com.sismics.docs.rest.resource.TranslationResource.translate(TranslationResource.java:21)
	at java.base/jdk.internal.reflect.DirectMethodHandleAccessor.invoke(DirectMethodHandleAccessor.java:103)
	at java.base/java.lang.reflect.Method.invoke(Method.java:580)
	at org.glassfish.jersey.server.model.internal.ResourceMethodInvocationHandlerFactory.lambda$static$0(ResourceMethodInvocationHandlerFactory.java:52)
	at org.glassfish.jersey.server.model.internal.AbstractJavaResourceMethodDispatcher$1.run(AbstractJavaResourceMethodDispatcher.java:134)
	at org.glassfish.jersey.server.model.internal.AbstractJavaResourceMethodDispatcher.invoke(AbstractJavaResourceMethodDispatcher.java:177)
	at org.glassfish.jersey.server.model.internal.JavaResourceMethodDispatcherProvider$ResponseOutInvoker.doDispatch(JavaResourceMethodDispatcherProvider.java:176)
	at org.glassfish.jersey.server.model.internal.AbstractJavaResourceMethodDispatcher.dispatch(AbstractJavaResourceMethodDispatcher.java:81)
	at org.glassfish.jersey.server.model.ResourceMethodInvoker.invoke(ResourceMethodInvoker.java:478)
	at org.glassfish.jersey.server.model.ResourceMethodInvoker.apply(ResourceMethodInvoker.java:400)
	at org.glassfish.jersey.server.model.ResourceMethodInvoker.apply(ResourceMethodInvoker.java:81)
	at org.glassfish.jersey.server.ServerRuntime$1.run(ServerRuntime.java:256)
	at org.glassfish.jersey.internal.Errors$1.call(Errors.java:248)
	at org.glassfish.jersey.internal.Errors$1.call(Errors.java:244)
	at org.glassfish.jersey.internal.Errors.process(Errors.java:292)
	at org.glassfish.jersey.internal.Errors.process(Errors.java:274)
	at org.glassfish.jersey.internal.Errors.process(Errors.java:244)
	at org.glassfish.jersey.process.internal.RequestScope.runInScope(RequestScope.java:265)
	at org.glassfish.jersey.server.ServerRuntime.process(ServerRuntime.java:235)
	at org.glassfish.jersey.server.ApplicationHandler.handle(ApplicationHandler.java:684)
	at org.glassfish.jersey.servlet.WebComponent.serviceImpl(WebComponent.java:394)
	... 58 more
20 Apr 2025 21:58:29,337 ERROR com.sismics.util.filter.RequestContextFilter.doFilter(RequestContextFilter.java:95) An exception occured, rolling back current transaction 
jakarta.servlet.ServletException: org.json.JSONException: A JSONObject text must begin with '{' at 0 [character 1 line 1]
	at org.glassfish.jersey.servlet.WebComponent.serviceImpl(WebComponent.java:410)
	at org.glassfish.jersey.servlet.WebComponent.service(WebComponent.java:346)
	at org.glassfish.jersey.servlet.ServletContainer.service(ServletContainer.java:358)
	at org.glassfish.jersey.servlet.ServletContainer.service(ServletContainer.java:311)
	at org.glassfish.jersey.servlet.ServletContainer.service(ServletContainer.java:205)
	at org.eclipse.jetty.servlet.ServletHolder.handle(ServletHolder.java:764)
	at org.eclipse.jetty.servlet.ServletHandler$ChainEnd.doFilter(ServletHandler.java:1665)
	at com.sismics.util.filter.SecurityFilter.doFilter(SecurityFilter.java:134)
	at org.eclipse.jetty.servlet.FilterHolder.doFilter(FilterHolder.java:202)
	at org.eclipse.jetty.servlet.ServletHandler$Chain.doFilter(ServletHandler.java:1635)
	at com.sismics.util.filter.SecurityFilter.doFilter(SecurityFilter.java:134)
	at org.eclipse.jetty.servlet.FilterHolder.doFilter(FilterHolder.java:202)
	at org.eclipse.jetty.servlet.ServletHandler$Chain.doFilter(ServletHandler.java:1635)
	at com.sismics.util.filter.SecurityFilter.doFilter(SecurityFilter.java:134)
	at org.eclipse.jetty.servlet.FilterHolder.doFilter(FilterHolder.java:202)
	at org.eclipse.jetty.servlet.ServletHandler$Chain.doFilter(ServletHandler.java:1635)
	at com.sismics.util.filter.RequestContextFilter.doFilter(RequestContextFilter.java:89)
	at org.eclipse.jetty.servlet.FilterHolder.doFilter(FilterHolder.java:202)
	at org.eclipse.jetty.servlet.ServletHandler$Chain.doFilter(ServletHandler.java:1635)
	at com.sismics.util.filter.CorsFilter.doFilter(CorsFilter.java:39)
	at org.eclipse.jetty.servlet.FilterHolder.doFilter(FilterHolder.java:202)
	at org.eclipse.jetty.servlet.ServletHandler$Chain.doFilter(ServletHandler.java:1635)
	at org.eclipse.jetty.websocket.servlet.WebSocketUpgradeFilter.doFilter(WebSocketUpgradeFilter.java:170)
	at org.eclipse.jetty.servlet.FilterHolder.doFilter(FilterHolder.java:202)
	at org.eclipse.jetty.servlet.ServletHandler$Chain.doFilter(ServletHandler.java:1635)
	at org.eclipse.jetty.servlet.ServletHandler.doHandle(ServletHandler.java:527)
	at org.eclipse.jetty.server.handler.ScopedHandler.handle(ScopedHandler.java:131)
	at org.eclipse.jetty.security.SecurityHandler.handle(SecurityHandler.java:598)
	at org.eclipse.jetty.server.handler.HandlerWrapper.handle(HandlerWrapper.java:122)
	at org.eclipse.jetty.server.handler.ScopedHandler.nextHandle(ScopedHandler.java:223)
	at org.eclipse.jetty.server.session.SessionHandler.doHandle(SessionHandler.java:1580)
	at org.eclipse.jetty.server.handler.ScopedHandler.nextHandle(ScopedHandler.java:221)
	at org.eclipse.jetty.server.handler.ContextHandler.doHandle(ContextHandler.java:1381)
	at org.eclipse.jetty.server.handler.ScopedHandler.nextScope(ScopedHandler.java:176)
	at org.eclipse.jetty.servlet.ServletHandler.doScope(ServletHandler.java:484)
	at org.eclipse.jetty.server.session.SessionHandler.doScope(SessionHandler.java:1553)
	at org.eclipse.jetty.server.handler.ScopedHandler.nextScope(ScopedHandler.java:174)
	at org.eclipse.jetty.server.handler.ContextHandler.doScope(ContextHandler.java:1303)
	at org.eclipse.jetty.server.handler.ScopedHandler.handle(ScopedHandler.java:129)
	at org.eclipse.jetty.server.handler.ContextHandlerCollection.handle(ContextHandlerCollection.java:149)
	at org.eclipse.jetty.server.handler.HandlerList.handle(HandlerList.java:51)
	at org.eclipse.jetty.server.handler.HandlerWrapper.handle(HandlerWrapper.java:122)
	at org.eclipse.jetty.server.Server.handle(Server.java:563)
	at org.eclipse.jetty.server.HttpChannel$RequestDispatchable.dispatch(HttpChannel.java:1598)
	at org.eclipse.jetty.server.HttpChannel.dispatch(HttpChannel.java:753)
	at org.eclipse.jetty.server.HttpChannel.handle(HttpChannel.java:501)
	at org.eclipse.jetty.server.HttpConnection.onFillable(HttpConnection.java:287)
	at org.eclipse.jetty.io.AbstractConnection$ReadCallback.succeeded(AbstractConnection.java:314)
	at org.eclipse.jetty.io.FillInterest.fillable(FillInterest.java:100)
	at org.eclipse.jetty.io.SelectableChannelEndPoint$1.run(SelectableChannelEndPoint.java:53)
	at org.eclipse.jetty.util.thread.strategy.AdaptiveExecutionStrategy.runTask(AdaptiveExecutionStrategy.java:421)
	at org.eclipse.jetty.util.thread.strategy.AdaptiveExecutionStrategy.consumeTask(AdaptiveExecutionStrategy.java:390)
	at org.eclipse.jetty.util.thread.strategy.AdaptiveExecutionStrategy.tryProduce(AdaptiveExecutionStrategy.java:277)
	at org.eclipse.jetty.util.thread.strategy.AdaptiveExecutionStrategy.run(AdaptiveExecutionStrategy.java:199)
	at org.eclipse.jetty.util.thread.ReservedThreadExecutor$ReservedThread.run(ReservedThreadExecutor.java:411)
	at org.eclipse.jetty.util.thread.QueuedThreadPool.runJob(QueuedThreadPool.java:969)
	at org.eclipse.jetty.util.thread.QueuedThreadPool$Runner.doRunJob(QueuedThreadPool.java:1194)
	at org.eclipse.jetty.util.thread.QueuedThreadPool$Runner.run(QueuedThreadPool.java:1149)
	at java.base/java.lang.Thread.run(Thread.java:1583)
Caused by: org.json.JSONException: A JSONObject text must begin with '{' at 0 [character 1 line 1]
	at org.json.JSONTokener.syntaxError(JSONTokener.java:507)
	at org.json.JSONObject.<init>(JSONObject.java:222)
	at org.json.JSONObject.<init>(JSONObject.java:406)
	at com.sismics.docs.core.service.TranslationService.translateText(TranslationService.java:42)
	at com.sismics.docs.rest.resource.TranslationResource.translate(TranslationResource.java:21)
	at java.base/jdk.internal.reflect.DirectMethodHandleAccessor.invoke(DirectMethodHandleAccessor.java:103)
	at java.base/java.lang.reflect.Method.invoke(Method.java:580)
	at org.glassfish.jersey.server.model.internal.ResourceMethodInvocationHandlerFactory.lambda$static$0(ResourceMethodInvocationHandlerFactory.java:52)
	at org.glassfish.jersey.server.model.internal.AbstractJavaResourceMethodDispatcher$1.run(AbstractJavaResourceMethodDispatcher.java:134)
	at org.glassfish.jersey.server.model.internal.AbstractJavaResourceMethodDispatcher.invoke(AbstractJavaResourceMethodDispatcher.java:177)
	at org.glassfish.jersey.server.model.internal.JavaResourceMethodDispatcherProvider$ResponseOutInvoker.doDispatch(JavaResourceMethodDispatcherProvider.java:176)
	at org.glassfish.jersey.server.model.internal.AbstractJavaResourceMethodDispatcher.dispatch(AbstractJavaResourceMethodDispatcher.java:81)
	at org.glassfish.jersey.server.model.ResourceMethodInvoker.invoke(ResourceMethodInvoker.java:478)
	at org.glassfish.jersey.server.model.ResourceMethodInvoker.apply(ResourceMethodInvoker.java:400)
	at org.glassfish.jersey.server.model.ResourceMethodInvoker.apply(ResourceMethodInvoker.java:81)
	at org.glassfish.jersey.server.ServerRuntime$1.run(ServerRuntime.java:256)
	at org.glassfish.jersey.internal.Errors$1.call(Errors.java:248)
	at org.glassfish.jersey.internal.Errors$1.call(Errors.java:244)
	at org.glassfish.jersey.internal.Errors.process(Errors.java:292)
	at org.glassfish.jersey.internal.Errors.process(Errors.java:274)
	at org.glassfish.jersey.internal.Errors.process(Errors.java:244)
	at org.glassfish.jersey.process.internal.RequestScope.runInScope(RequestScope.java:265)
	at org.glassfish.jersey.server.ServerRuntime.process(ServerRuntime.java:235)
	at org.glassfish.jersey.server.ApplicationHandler.handle(ApplicationHandler.java:684)
	at org.glassfish.jersey.servlet.WebComponent.serviceImpl(WebComponent.java:394)
	... 58 more
20 Apr 2025 21:59:45,497 INFO com.sismics.docs.core.service.InboxService.shutDown(InboxService.java:57) Inbox service shutting down 
20 Apr 2025 21:59:45,498 INFO com.sismics.docs.core.service.FileService.shutDown(FileService.java:44) File service shutting down 
20 Apr 2025 21:59:48,433 INFO com.sismics.util.jpa.EMF.getEntityManagerProperties(EMF.java:67) Configuring EntityManager from hibernate.properties 
20 Apr 2025 21:59:48,737 INFO com.sismics.util.jpa.DbOpenHelper.open(DbOpenHelper.java:57) Opening database and executing incremental updates 
20 Apr 2025 21:59:48,739 INFO com.sismics.util.jpa.DbOpenHelper.open(DbOpenHelper.java:106) Found database version 31, new version is 31, executing database incremental update scripts 
20 Apr 2025 21:59:48,739 INFO com.sismics.util.jpa.DbOpenHelper.open(DbOpenHelper.java:108) Database upgrade complete 
20 Apr 2025 21:59:48,740 INFO com.sismics.util.jpa.EMF.getEntityManagerProperties(EMF.java:67) Configuring EntityManager from hibernate.properties 
20 Apr 2025 21:59:49,626 INFO com.sismics.util.ClasspathScanner.findClasses(ClasspathScanner.java:48) Found 1 classes for IndexingHandler 
20 Apr 2025 21:59:49,653 INFO com.sismics.docs.core.util.indexing.LuceneIndexingHandler.initLucene(LuceneIndexingHandler.java:129) Using RAM Lucene storage 
20 Apr 2025 21:59:49,698 INFO com.sismics.docs.core.service.FileService.startUp(FileService.java:39) File service starting up 
20 Apr 2025 21:59:49,700 INFO com.sismics.docs.core.service.InboxService.startUp(InboxService.java:52) Inbox service starting up 
20 Apr 2025 21:59:49,700 INFO com.sismics.docs.core.service.FileSizeService.startUp(FileSizeService.java:30) File size service starting up 
20 Apr 2025 21:59:49,855 INFO com.sismics.docs.core.service.FileSizeService.lambda$runOneIteration$0(FileSizeService.java:50) No more file to process, stopping the service 
20 Apr 2025 21:59:49,855 INFO com.sismics.docs.core.service.FileSizeService.shutDown(FileSizeService.java:35) File size service shutting down 
20 Apr 2025 22:00:43,446 ERROR com.sismics.util.filter.RequestContextFilter.doFilter(RequestContextFilter.java:95) An exception occured, rolling back current transaction 
jakarta.servlet.ServletException: org.json.JSONException: A JSONObject text must begin with '{' at 0 [character 1 line 1]
	at org.glassfish.jersey.servlet.WebComponent.serviceImpl(WebComponent.java:410)
	at org.glassfish.jersey.servlet.WebComponent.service(WebComponent.java:346)
	at org.glassfish.jersey.servlet.ServletContainer.service(ServletContainer.java:358)
	at org.glassfish.jersey.servlet.ServletContainer.service(ServletContainer.java:311)
	at org.glassfish.jersey.servlet.ServletContainer.service(ServletContainer.java:205)
	at org.eclipse.jetty.servlet.ServletHolder.handle(ServletHolder.java:764)
	at org.eclipse.jetty.servlet.ServletHandler$ChainEnd.doFilter(ServletHandler.java:1665)
	at com.sismics.util.filter.SecurityFilter.doFilter(SecurityFilter.java:134)
	at org.eclipse.jetty.servlet.FilterHolder.doFilter(FilterHolder.java:202)
	at org.eclipse.jetty.servlet.ServletHandler$Chain.doFilter(ServletHandler.java:1635)
	at com.sismics.util.filter.SecurityFilter.doFilter(SecurityFilter.java:134)
	at org.eclipse.jetty.servlet.FilterHolder.doFilter(FilterHolder.java:202)
	at org.eclipse.jetty.servlet.ServletHandler$Chain.doFilter(ServletHandler.java:1635)
	at com.sismics.util.filter.SecurityFilter.doFilter(SecurityFilter.java:134)
	at org.eclipse.jetty.servlet.FilterHolder.doFilter(FilterHolder.java:202)
	at org.eclipse.jetty.servlet.ServletHandler$Chain.doFilter(ServletHandler.java:1635)
	at com.sismics.util.filter.RequestContextFilter.doFilter(RequestContextFilter.java:89)
	at org.eclipse.jetty.servlet.FilterHolder.doFilter(FilterHolder.java:202)
	at org.eclipse.jetty.servlet.ServletHandler$Chain.doFilter(ServletHandler.java:1635)
	at com.sismics.util.filter.CorsFilter.doFilter(CorsFilter.java:39)
	at org.eclipse.jetty.servlet.FilterHolder.doFilter(FilterHolder.java:202)
	at org.eclipse.jetty.servlet.ServletHandler$Chain.doFilter(ServletHandler.java:1635)
	at org.eclipse.jetty.websocket.servlet.WebSocketUpgradeFilter.doFilter(WebSocketUpgradeFilter.java:170)
	at org.eclipse.jetty.servlet.FilterHolder.doFilter(FilterHolder.java:202)
	at org.eclipse.jetty.servlet.ServletHandler$Chain.doFilter(ServletHandler.java:1635)
	at org.eclipse.jetty.servlet.ServletHandler.doHandle(ServletHandler.java:527)
	at org.eclipse.jetty.server.handler.ScopedHandler.handle(ScopedHandler.java:131)
	at org.eclipse.jetty.security.SecurityHandler.handle(SecurityHandler.java:598)
	at org.eclipse.jetty.server.handler.HandlerWrapper.handle(HandlerWrapper.java:122)
	at org.eclipse.jetty.server.handler.ScopedHandler.nextHandle(ScopedHandler.java:223)
	at org.eclipse.jetty.server.session.SessionHandler.doHandle(SessionHandler.java:1580)
	at org.eclipse.jetty.server.handler.ScopedHandler.nextHandle(ScopedHandler.java:221)
	at org.eclipse.jetty.server.handler.ContextHandler.doHandle(ContextHandler.java:1381)
	at org.eclipse.jetty.server.handler.ScopedHandler.nextScope(ScopedHandler.java:176)
	at org.eclipse.jetty.servlet.ServletHandler.doScope(ServletHandler.java:484)
	at org.eclipse.jetty.server.session.SessionHandler.doScope(SessionHandler.java:1553)
	at org.eclipse.jetty.server.handler.ScopedHandler.nextScope(ScopedHandler.java:174)
	at org.eclipse.jetty.server.handler.ContextHandler.doScope(ContextHandler.java:1303)
	at org.eclipse.jetty.server.handler.ScopedHandler.handle(ScopedHandler.java:129)
	at org.eclipse.jetty.server.handler.ContextHandlerCollection.handle(ContextHandlerCollection.java:149)
	at org.eclipse.jetty.server.handler.HandlerList.handle(HandlerList.java:51)
	at org.eclipse.jetty.server.handler.HandlerWrapper.handle(HandlerWrapper.java:122)
	at org.eclipse.jetty.server.Server.handle(Server.java:563)
	at org.eclipse.jetty.server.HttpChannel$RequestDispatchable.dispatch(HttpChannel.java:1598)
	at org.eclipse.jetty.server.HttpChannel.dispatch(HttpChannel.java:753)
	at org.eclipse.jetty.server.HttpChannel.handle(HttpChannel.java:501)
	at org.eclipse.jetty.server.HttpConnection.onFillable(HttpConnection.java:287)
	at org.eclipse.jetty.io.AbstractConnection$ReadCallback.succeeded(AbstractConnection.java:314)
	at org.eclipse.jetty.io.FillInterest.fillable(FillInterest.java:100)
	at org.eclipse.jetty.io.SelectableChannelEndPoint$1.run(SelectableChannelEndPoint.java:53)
	at org.eclipse.jetty.util.thread.strategy.AdaptiveExecutionStrategy.runTask(AdaptiveExecutionStrategy.java:421)
	at org.eclipse.jetty.util.thread.strategy.AdaptiveExecutionStrategy.consumeTask(AdaptiveExecutionStrategy.java:390)
	at org.eclipse.jetty.util.thread.strategy.AdaptiveExecutionStrategy.tryProduce(AdaptiveExecutionStrategy.java:277)
	at org.eclipse.jetty.util.thread.strategy.AdaptiveExecutionStrategy.produce(AdaptiveExecutionStrategy.java:193)
	at org.eclipse.jetty.util.thread.QueuedThreadPool.runJob(QueuedThreadPool.java:969)
	at org.eclipse.jetty.util.thread.QueuedThreadPool$Runner.doRunJob(QueuedThreadPool.java:1194)
	at org.eclipse.jetty.util.thread.QueuedThreadPool$Runner.run(QueuedThreadPool.java:1149)
	at java.base/java.lang.Thread.run(Thread.java:1583)
Caused by: org.json.JSONException: A JSONObject text must begin with '{' at 0 [character 1 line 1]
	at org.json.JSONTokener.syntaxError(JSONTokener.java:507)
	at org.json.JSONObject.<init>(JSONObject.java:222)
	at org.json.JSONObject.<init>(JSONObject.java:406)
	at com.sismics.docs.core.service.TranslationService.translateText(TranslationService.java:42)
	at com.sismics.docs.rest.resource.TranslationResource.translate(TranslationResource.java:21)
	at java.base/jdk.internal.reflect.DirectMethodHandleAccessor.invoke(DirectMethodHandleAccessor.java:103)
	at java.base/java.lang.reflect.Method.invoke(Method.java:580)
	at org.glassfish.jersey.server.model.internal.ResourceMethodInvocationHandlerFactory.lambda$static$0(ResourceMethodInvocationHandlerFactory.java:52)
	at org.glassfish.jersey.server.model.internal.AbstractJavaResourceMethodDispatcher$1.run(AbstractJavaResourceMethodDispatcher.java:134)
	at org.glassfish.jersey.server.model.internal.AbstractJavaResourceMethodDispatcher.invoke(AbstractJavaResourceMethodDispatcher.java:177)
	at org.glassfish.jersey.server.model.internal.JavaResourceMethodDispatcherProvider$ResponseOutInvoker.doDispatch(JavaResourceMethodDispatcherProvider.java:176)
	at org.glassfish.jersey.server.model.internal.AbstractJavaResourceMethodDispatcher.dispatch(AbstractJavaResourceMethodDispatcher.java:81)
	at org.glassfish.jersey.server.model.ResourceMethodInvoker.invoke(ResourceMethodInvoker.java:478)
	at org.glassfish.jersey.server.model.ResourceMethodInvoker.apply(ResourceMethodInvoker.java:400)
	at org.glassfish.jersey.server.model.ResourceMethodInvoker.apply(ResourceMethodInvoker.java:81)
	at org.glassfish.jersey.server.ServerRuntime$1.run(ServerRuntime.java:256)
	at org.glassfish.jersey.internal.Errors$1.call(Errors.java:248)
	at org.glassfish.jersey.internal.Errors$1.call(Errors.java:244)
	at org.glassfish.jersey.internal.Errors.process(Errors.java:292)
	at org.glassfish.jersey.internal.Errors.process(Errors.java:274)
	at org.glassfish.jersey.internal.Errors.process(Errors.java:244)
	at org.glassfish.jersey.process.internal.RequestScope.runInScope(RequestScope.java:265)
	at org.glassfish.jersey.server.ServerRuntime.process(ServerRuntime.java:235)
	at org.glassfish.jersey.server.ApplicationHandler.handle(ApplicationHandler.java:684)
	at org.glassfish.jersey.servlet.WebComponent.serviceImpl(WebComponent.java:394)
	... 57 more
20 Apr 2025 22:05:55,922 ERROR com.sismics.util.filter.RequestContextFilter.doFilter(RequestContextFilter.java:95) An exception occured, rolling back current transaction 
jakarta.servlet.ServletException: org.json.JSONException: A JSONObject text must begin with '{' at 0 [character 1 line 1]
	at org.glassfish.jersey.servlet.WebComponent.serviceImpl(WebComponent.java:410)
	at org.glassfish.jersey.servlet.WebComponent.service(WebComponent.java:346)
	at org.glassfish.jersey.servlet.ServletContainer.service(ServletContainer.java:358)
	at org.glassfish.jersey.servlet.ServletContainer.service(ServletContainer.java:311)
	at org.glassfish.jersey.servlet.ServletContainer.service(ServletContainer.java:205)
	at org.eclipse.jetty.servlet.ServletHolder.handle(ServletHolder.java:764)
	at org.eclipse.jetty.servlet.ServletHandler$ChainEnd.doFilter(ServletHandler.java:1665)
	at com.sismics.util.filter.SecurityFilter.doFilter(SecurityFilter.java:134)
	at org.eclipse.jetty.servlet.FilterHolder.doFilter(FilterHolder.java:202)
	at org.eclipse.jetty.servlet.ServletHandler$Chain.doFilter(ServletHandler.java:1635)
	at com.sismics.util.filter.SecurityFilter.doFilter(SecurityFilter.java:134)
	at org.eclipse.jetty.servlet.FilterHolder.doFilter(FilterHolder.java:202)
	at org.eclipse.jetty.servlet.ServletHandler$Chain.doFilter(ServletHandler.java:1635)
	at com.sismics.util.filter.SecurityFilter.doFilter(SecurityFilter.java:134)
	at org.eclipse.jetty.servlet.FilterHolder.doFilter(FilterHolder.java:202)
	at org.eclipse.jetty.servlet.ServletHandler$Chain.doFilter(ServletHandler.java:1635)
	at com.sismics.util.filter.RequestContextFilter.doFilter(RequestContextFilter.java:89)
	at org.eclipse.jetty.servlet.FilterHolder.doFilter(FilterHolder.java:202)
	at org.eclipse.jetty.servlet.ServletHandler$Chain.doFilter(ServletHandler.java:1635)
	at com.sismics.util.filter.CorsFilter.doFilter(CorsFilter.java:39)
	at org.eclipse.jetty.servlet.FilterHolder.doFilter(FilterHolder.java:202)
	at org.eclipse.jetty.servlet.ServletHandler$Chain.doFilter(ServletHandler.java:1635)
	at org.eclipse.jetty.websocket.servlet.WebSocketUpgradeFilter.doFilter(WebSocketUpgradeFilter.java:170)
	at org.eclipse.jetty.servlet.FilterHolder.doFilter(FilterHolder.java:202)
	at org.eclipse.jetty.servlet.ServletHandler$Chain.doFilter(ServletHandler.java:1635)
	at org.eclipse.jetty.servlet.ServletHandler.doHandle(ServletHandler.java:527)
	at org.eclipse.jetty.server.handler.ScopedHandler.handle(ScopedHandler.java:131)
	at org.eclipse.jetty.security.SecurityHandler.handle(SecurityHandler.java:598)
	at org.eclipse.jetty.server.handler.HandlerWrapper.handle(HandlerWrapper.java:122)
	at org.eclipse.jetty.server.handler.ScopedHandler.nextHandle(ScopedHandler.java:223)
	at org.eclipse.jetty.server.session.SessionHandler.doHandle(SessionHandler.java:1580)
	at org.eclipse.jetty.server.handler.ScopedHandler.nextHandle(ScopedHandler.java:221)
	at org.eclipse.jetty.server.handler.ContextHandler.doHandle(ContextHandler.java:1381)
	at org.eclipse.jetty.server.handler.ScopedHandler.nextScope(ScopedHandler.java:176)
	at org.eclipse.jetty.servlet.ServletHandler.doScope(ServletHandler.java:484)
	at org.eclipse.jetty.server.session.SessionHandler.doScope(SessionHandler.java:1553)
	at org.eclipse.jetty.server.handler.ScopedHandler.nextScope(ScopedHandler.java:174)
	at org.eclipse.jetty.server.handler.ContextHandler.doScope(ContextHandler.java:1303)
	at org.eclipse.jetty.server.handler.ScopedHandler.handle(ScopedHandler.java:129)
	at org.eclipse.jetty.server.handler.ContextHandlerCollection.handle(ContextHandlerCollection.java:149)
	at org.eclipse.jetty.server.handler.HandlerList.handle(HandlerList.java:51)
	at org.eclipse.jetty.server.handler.HandlerWrapper.handle(HandlerWrapper.java:122)
	at org.eclipse.jetty.server.Server.handle(Server.java:563)
	at org.eclipse.jetty.server.HttpChannel$RequestDispatchable.dispatch(HttpChannel.java:1598)
	at org.eclipse.jetty.server.HttpChannel.dispatch(HttpChannel.java:753)
	at org.eclipse.jetty.server.HttpChannel.handle(HttpChannel.java:501)
	at org.eclipse.jetty.server.HttpConnection.onFillable(HttpConnection.java:287)
	at org.eclipse.jetty.io.AbstractConnection$ReadCallback.succeeded(AbstractConnection.java:314)
	at org.eclipse.jetty.io.FillInterest.fillable(FillInterest.java:100)
	at org.eclipse.jetty.io.SelectableChannelEndPoint$1.run(SelectableChannelEndPoint.java:53)
	at org.eclipse.jetty.util.thread.QueuedThreadPool.runJob(QueuedThreadPool.java:969)
	at org.eclipse.jetty.util.thread.QueuedThreadPool$Runner.doRunJob(QueuedThreadPool.java:1194)
	at org.eclipse.jetty.util.thread.QueuedThreadPool$Runner.run(QueuedThreadPool.java:1149)
	at java.base/java.lang.Thread.run(Thread.java:1583)
Caused by: org.json.JSONException: A JSONObject text must begin with '{' at 0 [character 1 line 1]
	at org.json.JSONTokener.syntaxError(JSONTokener.java:507)
	at org.json.JSONObject.<init>(JSONObject.java:222)
	at org.json.JSONObject.<init>(JSONObject.java:406)
	at com.sismics.docs.core.service.TranslationService.translateText(TranslationService.java:42)
	at com.sismics.docs.rest.resource.TranslationResource.translate(TranslationResource.java:21)
	at java.base/jdk.internal.reflect.DirectMethodHandleAccessor.invoke(DirectMethodHandleAccessor.java:103)
	at java.base/java.lang.reflect.Method.invoke(Method.java:580)
	at org.glassfish.jersey.server.model.internal.ResourceMethodInvocationHandlerFactory.lambda$static$0(ResourceMethodInvocationHandlerFactory.java:52)
	at org.glassfish.jersey.server.model.internal.AbstractJavaResourceMethodDispatcher$1.run(AbstractJavaResourceMethodDispatcher.java:134)
	at org.glassfish.jersey.server.model.internal.AbstractJavaResourceMethodDispatcher.invoke(AbstractJavaResourceMethodDispatcher.java:177)
	at org.glassfish.jersey.server.model.internal.JavaResourceMethodDispatcherProvider$ResponseOutInvoker.doDispatch(JavaResourceMethodDispatcherProvider.java:176)
	at org.glassfish.jersey.server.model.internal.AbstractJavaResourceMethodDispatcher.dispatch(AbstractJavaResourceMethodDispatcher.java:81)
	at org.glassfish.jersey.server.model.ResourceMethodInvoker.invoke(ResourceMethodInvoker.java:478)
	at org.glassfish.jersey.server.model.ResourceMethodInvoker.apply(ResourceMethodInvoker.java:400)
	at org.glassfish.jersey.server.model.ResourceMethodInvoker.apply(ResourceMethodInvoker.java:81)
	at org.glassfish.jersey.server.ServerRuntime$1.run(ServerRuntime.java:256)
	at org.glassfish.jersey.internal.Errors$1.call(Errors.java:248)
	at org.glassfish.jersey.internal.Errors$1.call(Errors.java:244)
	at org.glassfish.jersey.internal.Errors.process(Errors.java:292)
	at org.glassfish.jersey.internal.Errors.process(Errors.java:274)
	at org.glassfish.jersey.internal.Errors.process(Errors.java:244)
	at org.glassfish.jersey.process.internal.RequestScope.runInScope(RequestScope.java:265)
	at org.glassfish.jersey.server.ServerRuntime.process(ServerRuntime.java:235)
	at org.glassfish.jersey.server.ApplicationHandler.handle(ApplicationHandler.java:684)
	at org.glassfish.jersey.servlet.WebComponent.serviceImpl(WebComponent.java:394)
	... 53 more
20 Apr 2025 22:17:29,829 INFO com.sismics.docs.core.service.InboxService.shutDown(InboxService.java:57) Inbox service shutting down 
20 Apr 2025 22:17:29,830 INFO com.sismics.docs.core.service.FileService.shutDown(FileService.java:44) File service shutting down 
20 Apr 2025 22:17:33,844 INFO com.sismics.util.jpa.EMF.getEntityManagerProperties(EMF.java:67) Configuring EntityManager from hibernate.properties 
20 Apr 2025 22:17:34,154 INFO com.sismics.util.jpa.DbOpenHelper.open(DbOpenHelper.java:57) Opening database and executing incremental updates 
20 Apr 2025 22:17:34,156 INFO com.sismics.util.jpa.DbOpenHelper.open(DbOpenHelper.java:106) Found database version 31, new version is 31, executing database incremental update scripts 
20 Apr 2025 22:17:34,156 INFO com.sismics.util.jpa.DbOpenHelper.open(DbOpenHelper.java:108) Database upgrade complete 
20 Apr 2025 22:17:34,156 INFO com.sismics.util.jpa.EMF.getEntityManagerProperties(EMF.java:67) Configuring EntityManager from hibernate.properties 
20 Apr 2025 22:17:35,100 INFO com.sismics.util.ClasspathScanner.findClasses(ClasspathScanner.java:48) Found 1 classes for IndexingHandler 
20 Apr 2025 22:17:35,122 INFO com.sismics.docs.core.util.indexing.LuceneIndexingHandler.initLucene(LuceneIndexingHandler.java:129) Using RAM Lucene storage 
20 Apr 2025 22:17:35,169 INFO com.sismics.docs.core.service.FileService.startUp(FileService.java:39) File service starting up 
20 Apr 2025 22:17:35,171 INFO com.sismics.docs.core.service.InboxService.startUp(InboxService.java:52) Inbox service starting up 
20 Apr 2025 22:17:35,171 INFO com.sismics.docs.core.service.FileSizeService.startUp(FileSizeService.java:30) File size service starting up 
20 Apr 2025 22:17:35,320 INFO com.sismics.docs.core.service.FileSizeService.lambda$runOneIteration$0(FileSizeService.java:50) No more file to process, stopping the service 
20 Apr 2025 22:17:35,321 INFO com.sismics.docs.core.service.FileSizeService.shutDown(FileSizeService.java:35) File size service shutting down 
20 Apr 2025 22:19:12,820 ERROR com.sismics.util.filter.RequestContextFilter.doFilter(RequestContextFilter.java:95) An exception occured, rolling back current transaction 
jakarta.servlet.ServletException: org.json.JSONException: A JSONObject text must begin with '{' at 0 [character 1 line 1]
	at org.glassfish.jersey.servlet.WebComponent.serviceImpl(WebComponent.java:410)
	at org.glassfish.jersey.servlet.WebComponent.service(WebComponent.java:346)
	at org.glassfish.jersey.servlet.ServletContainer.service(ServletContainer.java:358)
	at org.glassfish.jersey.servlet.ServletContainer.service(ServletContainer.java:311)
	at org.glassfish.jersey.servlet.ServletContainer.service(ServletContainer.java:205)
	at org.eclipse.jetty.servlet.ServletHolder.handle(ServletHolder.java:764)
	at org.eclipse.jetty.servlet.ServletHandler$ChainEnd.doFilter(ServletHandler.java:1665)
	at com.sismics.util.filter.SecurityFilter.doFilter(SecurityFilter.java:134)
	at org.eclipse.jetty.servlet.FilterHolder.doFilter(FilterHolder.java:202)
	at org.eclipse.jetty.servlet.ServletHandler$Chain.doFilter(ServletHandler.java:1635)
	at com.sismics.util.filter.SecurityFilter.doFilter(SecurityFilter.java:134)
	at org.eclipse.jetty.servlet.FilterHolder.doFilter(FilterHolder.java:202)
	at org.eclipse.jetty.servlet.ServletHandler$Chain.doFilter(ServletHandler.java:1635)
	at com.sismics.util.filter.SecurityFilter.doFilter(SecurityFilter.java:134)
	at org.eclipse.jetty.servlet.FilterHolder.doFilter(FilterHolder.java:202)
	at org.eclipse.jetty.servlet.ServletHandler$Chain.doFilter(ServletHandler.java:1635)
	at com.sismics.util.filter.RequestContextFilter.doFilter(RequestContextFilter.java:89)
	at org.eclipse.jetty.servlet.FilterHolder.doFilter(FilterHolder.java:202)
	at org.eclipse.jetty.servlet.ServletHandler$Chain.doFilter(ServletHandler.java:1635)
	at com.sismics.util.filter.CorsFilter.doFilter(CorsFilter.java:39)
	at org.eclipse.jetty.servlet.FilterHolder.doFilter(FilterHolder.java:202)
	at org.eclipse.jetty.servlet.ServletHandler$Chain.doFilter(ServletHandler.java:1635)
	at org.eclipse.jetty.websocket.servlet.WebSocketUpgradeFilter.doFilter(WebSocketUpgradeFilter.java:170)
	at org.eclipse.jetty.servlet.FilterHolder.doFilter(FilterHolder.java:202)
	at org.eclipse.jetty.servlet.ServletHandler$Chain.doFilter(ServletHandler.java:1635)
	at org.eclipse.jetty.servlet.ServletHandler.doHandle(ServletHandler.java:527)
	at org.eclipse.jetty.server.handler.ScopedHandler.handle(ScopedHandler.java:131)
	at org.eclipse.jetty.security.SecurityHandler.handle(SecurityHandler.java:598)
	at org.eclipse.jetty.server.handler.HandlerWrapper.handle(HandlerWrapper.java:122)
	at org.eclipse.jetty.server.handler.ScopedHandler.nextHandle(ScopedHandler.java:223)
	at org.eclipse.jetty.server.session.SessionHandler.doHandle(SessionHandler.java:1580)
	at org.eclipse.jetty.server.handler.ScopedHandler.nextHandle(ScopedHandler.java:221)
	at org.eclipse.jetty.server.handler.ContextHandler.doHandle(ContextHandler.java:1381)
	at org.eclipse.jetty.server.handler.ScopedHandler.nextScope(ScopedHandler.java:176)
	at org.eclipse.jetty.servlet.ServletHandler.doScope(ServletHandler.java:484)
	at org.eclipse.jetty.server.session.SessionHandler.doScope(SessionHandler.java:1553)
	at org.eclipse.jetty.server.handler.ScopedHandler.nextScope(ScopedHandler.java:174)
	at org.eclipse.jetty.server.handler.ContextHandler.doScope(ContextHandler.java:1303)
	at org.eclipse.jetty.server.handler.ScopedHandler.handle(ScopedHandler.java:129)
	at org.eclipse.jetty.server.handler.ContextHandlerCollection.handle(ContextHandlerCollection.java:149)
	at org.eclipse.jetty.server.handler.HandlerList.handle(HandlerList.java:51)
	at org.eclipse.jetty.server.handler.HandlerWrapper.handle(HandlerWrapper.java:122)
	at org.eclipse.jetty.server.Server.handle(Server.java:563)
	at org.eclipse.jetty.server.HttpChannel$RequestDispatchable.dispatch(HttpChannel.java:1598)
	at org.eclipse.jetty.server.HttpChannel.dispatch(HttpChannel.java:753)
	at org.eclipse.jetty.server.HttpChannel.handle(HttpChannel.java:501)
	at org.eclipse.jetty.server.HttpConnection.onFillable(HttpConnection.java:287)
	at org.eclipse.jetty.io.AbstractConnection$ReadCallback.succeeded(AbstractConnection.java:314)
	at org.eclipse.jetty.io.FillInterest.fillable(FillInterest.java:100)
	at org.eclipse.jetty.io.SelectableChannelEndPoint$1.run(SelectableChannelEndPoint.java:53)
	at org.eclipse.jetty.util.thread.strategy.AdaptiveExecutionStrategy.runTask(AdaptiveExecutionStrategy.java:421)
	at org.eclipse.jetty.util.thread.strategy.AdaptiveExecutionStrategy.consumeTask(AdaptiveExecutionStrategy.java:390)
	at org.eclipse.jetty.util.thread.strategy.AdaptiveExecutionStrategy.tryProduce(AdaptiveExecutionStrategy.java:277)
	at org.eclipse.jetty.util.thread.strategy.AdaptiveExecutionStrategy.produce(AdaptiveExecutionStrategy.java:193)
	at org.eclipse.jetty.util.thread.QueuedThreadPool.runJob(QueuedThreadPool.java:969)
	at org.eclipse.jetty.util.thread.QueuedThreadPool$Runner.doRunJob(QueuedThreadPool.java:1194)
	at org.eclipse.jetty.util.thread.QueuedThreadPool$Runner.run(QueuedThreadPool.java:1149)
	at java.base/java.lang.Thread.run(Thread.java:1583)
Caused by: org.json.JSONException: A JSONObject text must begin with '{' at 0 [character 1 line 1]
	at org.json.JSONTokener.syntaxError(JSONTokener.java:507)
	at org.json.JSONObject.<init>(JSONObject.java:222)
	at org.json.JSONObject.<init>(JSONObject.java:406)
	at com.sismics.docs.core.service.TranslationService.translateText(TranslationService.java:42)
	at com.sismics.docs.rest.resource.TranslationResource.translate(TranslationResource.java:21)
	at java.base/jdk.internal.reflect.DirectMethodHandleAccessor.invoke(DirectMethodHandleAccessor.java:103)
	at java.base/java.lang.reflect.Method.invoke(Method.java:580)
	at org.glassfish.jersey.server.model.internal.ResourceMethodInvocationHandlerFactory.lambda$static$0(ResourceMethodInvocationHandlerFactory.java:52)
	at org.glassfish.jersey.server.model.internal.AbstractJavaResourceMethodDispatcher$1.run(AbstractJavaResourceMethodDispatcher.java:134)
	at org.glassfish.jersey.server.model.internal.AbstractJavaResourceMethodDispatcher.invoke(AbstractJavaResourceMethodDispatcher.java:177)
	at org.glassfish.jersey.server.model.internal.JavaResourceMethodDispatcherProvider$ResponseOutInvoker.doDispatch(JavaResourceMethodDispatcherProvider.java:176)
	at org.glassfish.jersey.server.model.internal.AbstractJavaResourceMethodDispatcher.dispatch(AbstractJavaResourceMethodDispatcher.java:81)
	at org.glassfish.jersey.server.model.ResourceMethodInvoker.invoke(ResourceMethodInvoker.java:478)
	at org.glassfish.jersey.server.model.ResourceMethodInvoker.apply(ResourceMethodInvoker.java:400)
	at org.glassfish.jersey.server.model.ResourceMethodInvoker.apply(ResourceMethodInvoker.java:81)
	at org.glassfish.jersey.server.ServerRuntime$1.run(ServerRuntime.java:256)
	at org.glassfish.jersey.internal.Errors$1.call(Errors.java:248)
	at org.glassfish.jersey.internal.Errors$1.call(Errors.java:244)
	at org.glassfish.jersey.internal.Errors.process(Errors.java:292)
	at org.glassfish.jersey.internal.Errors.process(Errors.java:274)
	at org.glassfish.jersey.internal.Errors.process(Errors.java:244)
	at org.glassfish.jersey.process.internal.RequestScope.runInScope(RequestScope.java:265)
	at org.glassfish.jersey.server.ServerRuntime.process(ServerRuntime.java:235)
	at org.glassfish.jersey.server.ApplicationHandler.handle(ApplicationHandler.java:684)
	at org.glassfish.jersey.servlet.WebComponent.serviceImpl(WebComponent.java:394)
	... 57 more
20 Apr 2025 22:19:29,276 ERROR com.sismics.util.filter.RequestContextFilter.doFilter(RequestContextFilter.java:95) An exception occured, rolling back current transaction 
jakarta.servlet.ServletException: org.json.JSONException: A JSONObject text must begin with '{' at 0 [character 1 line 1]
	at org.glassfish.jersey.servlet.WebComponent.serviceImpl(WebComponent.java:410)
	at org.glassfish.jersey.servlet.WebComponent.service(WebComponent.java:346)
	at org.glassfish.jersey.servlet.ServletContainer.service(ServletContainer.java:358)
	at org.glassfish.jersey.servlet.ServletContainer.service(ServletContainer.java:311)
	at org.glassfish.jersey.servlet.ServletContainer.service(ServletContainer.java:205)
	at org.eclipse.jetty.servlet.ServletHolder.handle(ServletHolder.java:764)
	at org.eclipse.jetty.servlet.ServletHandler$ChainEnd.doFilter(ServletHandler.java:1665)
	at com.sismics.util.filter.SecurityFilter.doFilter(SecurityFilter.java:134)
	at org.eclipse.jetty.servlet.FilterHolder.doFilter(FilterHolder.java:202)
	at org.eclipse.jetty.servlet.ServletHandler$Chain.doFilter(ServletHandler.java:1635)
	at com.sismics.util.filter.SecurityFilter.doFilter(SecurityFilter.java:134)
	at org.eclipse.jetty.servlet.FilterHolder.doFilter(FilterHolder.java:202)
	at org.eclipse.jetty.servlet.ServletHandler$Chain.doFilter(ServletHandler.java:1635)
	at com.sismics.util.filter.SecurityFilter.doFilter(SecurityFilter.java:134)
	at org.eclipse.jetty.servlet.FilterHolder.doFilter(FilterHolder.java:202)
	at org.eclipse.jetty.servlet.ServletHandler$Chain.doFilter(ServletHandler.java:1635)
	at com.sismics.util.filter.RequestContextFilter.doFilter(RequestContextFilter.java:89)
	at org.eclipse.jetty.servlet.FilterHolder.doFilter(FilterHolder.java:202)
	at org.eclipse.jetty.servlet.ServletHandler$Chain.doFilter(ServletHandler.java:1635)
	at com.sismics.util.filter.CorsFilter.doFilter(CorsFilter.java:39)
	at org.eclipse.jetty.servlet.FilterHolder.doFilter(FilterHolder.java:202)
	at org.eclipse.jetty.servlet.ServletHandler$Chain.doFilter(ServletHandler.java:1635)
	at org.eclipse.jetty.websocket.servlet.WebSocketUpgradeFilter.doFilter(WebSocketUpgradeFilter.java:170)
	at org.eclipse.jetty.servlet.FilterHolder.doFilter(FilterHolder.java:202)
	at org.eclipse.jetty.servlet.ServletHandler$Chain.doFilter(ServletHandler.java:1635)
	at org.eclipse.jetty.servlet.ServletHandler.doHandle(ServletHandler.java:527)
	at org.eclipse.jetty.server.handler.ScopedHandler.handle(ScopedHandler.java:131)
	at org.eclipse.jetty.security.SecurityHandler.handle(SecurityHandler.java:598)
	at org.eclipse.jetty.server.handler.HandlerWrapper.handle(HandlerWrapper.java:122)
	at org.eclipse.jetty.server.handler.ScopedHandler.nextHandle(ScopedHandler.java:223)
	at org.eclipse.jetty.server.session.SessionHandler.doHandle(SessionHandler.java:1580)
	at org.eclipse.jetty.server.handler.ScopedHandler.nextHandle(ScopedHandler.java:221)
	at org.eclipse.jetty.server.handler.ContextHandler.doHandle(ContextHandler.java:1381)
	at org.eclipse.jetty.server.handler.ScopedHandler.nextScope(ScopedHandler.java:176)
	at org.eclipse.jetty.servlet.ServletHandler.doScope(ServletHandler.java:484)
	at org.eclipse.jetty.server.session.SessionHandler.doScope(SessionHandler.java:1553)
	at org.eclipse.jetty.server.handler.ScopedHandler.nextScope(ScopedHandler.java:174)
	at org.eclipse.jetty.server.handler.ContextHandler.doScope(ContextHandler.java:1303)
	at org.eclipse.jetty.server.handler.ScopedHandler.handle(ScopedHandler.java:129)
	at org.eclipse.jetty.server.handler.ContextHandlerCollection.handle(ContextHandlerCollection.java:149)
	at org.eclipse.jetty.server.handler.HandlerList.handle(HandlerList.java:51)
	at org.eclipse.jetty.server.handler.HandlerWrapper.handle(HandlerWrapper.java:122)
	at org.eclipse.jetty.server.Server.handle(Server.java:563)
	at org.eclipse.jetty.server.HttpChannel$RequestDispatchable.dispatch(HttpChannel.java:1598)
	at org.eclipse.jetty.server.HttpChannel.dispatch(HttpChannel.java:753)
	at org.eclipse.jetty.server.HttpChannel.handle(HttpChannel.java:501)
	at org.eclipse.jetty.server.HttpConnection.onFillable(HttpConnection.java:287)
	at org.eclipse.jetty.io.AbstractConnection$ReadCallback.succeeded(AbstractConnection.java:314)
	at org.eclipse.jetty.io.FillInterest.fillable(FillInterest.java:100)
	at org.eclipse.jetty.io.SelectableChannelEndPoint$1.run(SelectableChannelEndPoint.java:53)
	at org.eclipse.jetty.util.thread.strategy.AdaptiveExecutionStrategy.runTask(AdaptiveExecutionStrategy.java:421)
	at org.eclipse.jetty.util.thread.strategy.AdaptiveExecutionStrategy.consumeTask(AdaptiveExecutionStrategy.java:390)
	at org.eclipse.jetty.util.thread.strategy.AdaptiveExecutionStrategy.tryProduce(AdaptiveExecutionStrategy.java:277)
	at org.eclipse.jetty.util.thread.strategy.AdaptiveExecutionStrategy.produce(AdaptiveExecutionStrategy.java:193)
	at org.eclipse.jetty.util.thread.QueuedThreadPool.runJob(QueuedThreadPool.java:969)
	at org.eclipse.jetty.util.thread.QueuedThreadPool$Runner.doRunJob(QueuedThreadPool.java:1194)
	at org.eclipse.jetty.util.thread.QueuedThreadPool$Runner.run(QueuedThreadPool.java:1149)
	at java.base/java.lang.Thread.run(Thread.java:1583)
Caused by: org.json.JSONException: A JSONObject text must begin with '{' at 0 [character 1 line 1]
	at org.json.JSONTokener.syntaxError(JSONTokener.java:507)
	at org.json.JSONObject.<init>(JSONObject.java:222)
	at org.json.JSONObject.<init>(JSONObject.java:406)
	at com.sismics.docs.core.service.TranslationService.translateText(TranslationService.java:42)
	at com.sismics.docs.rest.resource.TranslationResource.translate(TranslationResource.java:21)
	at java.base/jdk.internal.reflect.DirectMethodHandleAccessor.invoke(DirectMethodHandleAccessor.java:103)
	at java.base/java.lang.reflect.Method.invoke(Method.java:580)
	at org.glassfish.jersey.server.model.internal.ResourceMethodInvocationHandlerFactory.lambda$static$0(ResourceMethodInvocationHandlerFactory.java:52)
	at org.glassfish.jersey.server.model.internal.AbstractJavaResourceMethodDispatcher$1.run(AbstractJavaResourceMethodDispatcher.java:134)
	at org.glassfish.jersey.server.model.internal.AbstractJavaResourceMethodDispatcher.invoke(AbstractJavaResourceMethodDispatcher.java:177)
	at org.glassfish.jersey.server.model.internal.JavaResourceMethodDispatcherProvider$ResponseOutInvoker.doDispatch(JavaResourceMethodDispatcherProvider.java:176)
	at org.glassfish.jersey.server.model.internal.AbstractJavaResourceMethodDispatcher.dispatch(AbstractJavaResourceMethodDispatcher.java:81)
	at org.glassfish.jersey.server.model.ResourceMethodInvoker.invoke(ResourceMethodInvoker.java:478)
	at org.glassfish.jersey.server.model.ResourceMethodInvoker.apply(ResourceMethodInvoker.java:400)
	at org.glassfish.jersey.server.model.ResourceMethodInvoker.apply(ResourceMethodInvoker.java:81)
	at org.glassfish.jersey.server.ServerRuntime$1.run(ServerRuntime.java:256)
	at org.glassfish.jersey.internal.Errors$1.call(Errors.java:248)
	at org.glassfish.jersey.internal.Errors$1.call(Errors.java:244)
	at org.glassfish.jersey.internal.Errors.process(Errors.java:292)
	at org.glassfish.jersey.internal.Errors.process(Errors.java:274)
	at org.glassfish.jersey.internal.Errors.process(Errors.java:244)
	at org.glassfish.jersey.process.internal.RequestScope.runInScope(RequestScope.java:265)
	at org.glassfish.jersey.server.ServerRuntime.process(ServerRuntime.java:235)
	at org.glassfish.jersey.server.ApplicationHandler.handle(ApplicationHandler.java:684)
	at org.glassfish.jersey.servlet.WebComponent.serviceImpl(WebComponent.java:394)
	... 57 more
20 Apr 2025 22:21:11,882 ERROR com.sismics.util.filter.RequestContextFilter.doFilter(RequestContextFilter.java:95) An exception occured, rolling back current transaction 
jakarta.servlet.ServletException: org.json.JSONException: A JSONObject text must begin with '{' at 0 [character 1 line 1]
	at org.glassfish.jersey.servlet.WebComponent.serviceImpl(WebComponent.java:410)
	at org.glassfish.jersey.servlet.WebComponent.service(WebComponent.java:346)
	at org.glassfish.jersey.servlet.ServletContainer.service(ServletContainer.java:358)
	at org.glassfish.jersey.servlet.ServletContainer.service(ServletContainer.java:311)
	at org.glassfish.jersey.servlet.ServletContainer.service(ServletContainer.java:205)
	at org.eclipse.jetty.servlet.ServletHolder.handle(ServletHolder.java:764)
	at org.eclipse.jetty.servlet.ServletHandler$ChainEnd.doFilter(ServletHandler.java:1665)
	at com.sismics.util.filter.SecurityFilter.doFilter(SecurityFilter.java:134)
	at org.eclipse.jetty.servlet.FilterHolder.doFilter(FilterHolder.java:202)
	at org.eclipse.jetty.servlet.ServletHandler$Chain.doFilter(ServletHandler.java:1635)
	at com.sismics.util.filter.SecurityFilter.doFilter(SecurityFilter.java:134)
	at org.eclipse.jetty.servlet.FilterHolder.doFilter(FilterHolder.java:202)
	at org.eclipse.jetty.servlet.ServletHandler$Chain.doFilter(ServletHandler.java:1635)
	at com.sismics.util.filter.SecurityFilter.doFilter(SecurityFilter.java:134)
	at org.eclipse.jetty.servlet.FilterHolder.doFilter(FilterHolder.java:202)
	at org.eclipse.jetty.servlet.ServletHandler$Chain.doFilter(ServletHandler.java:1635)
	at com.sismics.util.filter.RequestContextFilter.doFilter(RequestContextFilter.java:89)
	at org.eclipse.jetty.servlet.FilterHolder.doFilter(FilterHolder.java:202)
	at org.eclipse.jetty.servlet.ServletHandler$Chain.doFilter(ServletHandler.java:1635)
	at com.sismics.util.filter.CorsFilter.doFilter(CorsFilter.java:39)
	at org.eclipse.jetty.servlet.FilterHolder.doFilter(FilterHolder.java:202)
	at org.eclipse.jetty.servlet.ServletHandler$Chain.doFilter(ServletHandler.java:1635)
	at org.eclipse.jetty.websocket.servlet.WebSocketUpgradeFilter.doFilter(WebSocketUpgradeFilter.java:170)
	at org.eclipse.jetty.servlet.FilterHolder.doFilter(FilterHolder.java:202)
	at org.eclipse.jetty.servlet.ServletHandler$Chain.doFilter(ServletHandler.java:1635)
	at org.eclipse.jetty.servlet.ServletHandler.doHandle(ServletHandler.java:527)
	at org.eclipse.jetty.server.handler.ScopedHandler.handle(ScopedHandler.java:131)
	at org.eclipse.jetty.security.SecurityHandler.handle(SecurityHandler.java:598)
	at org.eclipse.jetty.server.handler.HandlerWrapper.handle(HandlerWrapper.java:122)
	at org.eclipse.jetty.server.handler.ScopedHandler.nextHandle(ScopedHandler.java:223)
	at org.eclipse.jetty.server.session.SessionHandler.doHandle(SessionHandler.java:1580)
	at org.eclipse.jetty.server.handler.ScopedHandler.nextHandle(ScopedHandler.java:221)
	at org.eclipse.jetty.server.handler.ContextHandler.doHandle(ContextHandler.java:1381)
	at org.eclipse.jetty.server.handler.ScopedHandler.nextScope(ScopedHandler.java:176)
	at org.eclipse.jetty.servlet.ServletHandler.doScope(ServletHandler.java:484)
	at org.eclipse.jetty.server.session.SessionHandler.doScope(SessionHandler.java:1553)
	at org.eclipse.jetty.server.handler.ScopedHandler.nextScope(ScopedHandler.java:174)
	at org.eclipse.jetty.server.handler.ContextHandler.doScope(ContextHandler.java:1303)
	at org.eclipse.jetty.server.handler.ScopedHandler.handle(ScopedHandler.java:129)
	at org.eclipse.jetty.server.handler.ContextHandlerCollection.handle(ContextHandlerCollection.java:149)
	at org.eclipse.jetty.server.handler.HandlerList.handle(HandlerList.java:51)
	at org.eclipse.jetty.server.handler.HandlerWrapper.handle(HandlerWrapper.java:122)
	at org.eclipse.jetty.server.Server.handle(Server.java:563)
	at org.eclipse.jetty.server.HttpChannel$RequestDispatchable.dispatch(HttpChannel.java:1598)
	at org.eclipse.jetty.server.HttpChannel.dispatch(HttpChannel.java:753)
	at org.eclipse.jetty.server.HttpChannel.handle(HttpChannel.java:501)
	at org.eclipse.jetty.server.HttpConnection.onFillable(HttpConnection.java:287)
	at org.eclipse.jetty.io.AbstractConnection$ReadCallback.succeeded(AbstractConnection.java:314)
	at org.eclipse.jetty.io.FillInterest.fillable(FillInterest.java:100)
	at org.eclipse.jetty.io.SelectableChannelEndPoint$1.run(SelectableChannelEndPoint.java:53)
	at org.eclipse.jetty.util.thread.strategy.AdaptiveExecutionStrategy.runTask(AdaptiveExecutionStrategy.java:421)
	at org.eclipse.jetty.util.thread.strategy.AdaptiveExecutionStrategy.consumeTask(AdaptiveExecutionStrategy.java:390)
	at org.eclipse.jetty.util.thread.strategy.AdaptiveExecutionStrategy.tryProduce(AdaptiveExecutionStrategy.java:277)
	at org.eclipse.jetty.util.thread.strategy.AdaptiveExecutionStrategy.run(AdaptiveExecutionStrategy.java:199)
	at org.eclipse.jetty.util.thread.ReservedThreadExecutor$ReservedThread.run(ReservedThreadExecutor.java:411)
	at org.eclipse.jetty.util.thread.QueuedThreadPool.runJob(QueuedThreadPool.java:969)
	at org.eclipse.jetty.util.thread.QueuedThreadPool$Runner.doRunJob(QueuedThreadPool.java:1194)
	at org.eclipse.jetty.util.thread.QueuedThreadPool$Runner.run(QueuedThreadPool.java:1149)
	at java.base/java.lang.Thread.run(Thread.java:1583)
Caused by: org.json.JSONException: A JSONObject text must begin with '{' at 0 [character 1 line 1]
	at org.json.JSONTokener.syntaxError(JSONTokener.java:507)
	at org.json.JSONObject.<init>(JSONObject.java:222)
	at org.json.JSONObject.<init>(JSONObject.java:406)
	at com.sismics.docs.core.service.TranslationService.translateText(TranslationService.java:42)
	at com.sismics.docs.rest.resource.TranslationResource.translate(TranslationResource.java:21)
	at java.base/jdk.internal.reflect.DirectMethodHandleAccessor.invoke(DirectMethodHandleAccessor.java:103)
	at java.base/java.lang.reflect.Method.invoke(Method.java:580)
	at org.glassfish.jersey.server.model.internal.ResourceMethodInvocationHandlerFactory.lambda$static$0(ResourceMethodInvocationHandlerFactory.java:52)
	at org.glassfish.jersey.server.model.internal.AbstractJavaResourceMethodDispatcher$1.run(AbstractJavaResourceMethodDispatcher.java:134)
	at org.glassfish.jersey.server.model.internal.AbstractJavaResourceMethodDispatcher.invoke(AbstractJavaResourceMethodDispatcher.java:177)
	at org.glassfish.jersey.server.model.internal.JavaResourceMethodDispatcherProvider$ResponseOutInvoker.doDispatch(JavaResourceMethodDispatcherProvider.java:176)
	at org.glassfish.jersey.server.model.internal.AbstractJavaResourceMethodDispatcher.dispatch(AbstractJavaResourceMethodDispatcher.java:81)
	at org.glassfish.jersey.server.model.ResourceMethodInvoker.invoke(ResourceMethodInvoker.java:478)
	at org.glassfish.jersey.server.model.ResourceMethodInvoker.apply(ResourceMethodInvoker.java:400)
	at org.glassfish.jersey.server.model.ResourceMethodInvoker.apply(ResourceMethodInvoker.java:81)
	at org.glassfish.jersey.server.ServerRuntime$1.run(ServerRuntime.java:256)
	at org.glassfish.jersey.internal.Errors$1.call(Errors.java:248)
	at org.glassfish.jersey.internal.Errors$1.call(Errors.java:244)
	at org.glassfish.jersey.internal.Errors.process(Errors.java:292)
	at org.glassfish.jersey.internal.Errors.process(Errors.java:274)
	at org.glassfish.jersey.internal.Errors.process(Errors.java:244)
	at org.glassfish.jersey.process.internal.RequestScope.runInScope(RequestScope.java:265)
	at org.glassfish.jersey.server.ServerRuntime.process(ServerRuntime.java:235)
	at org.glassfish.jersey.server.ApplicationHandler.handle(ApplicationHandler.java:684)
	at org.glassfish.jersey.servlet.WebComponent.serviceImpl(WebComponent.java:394)
	... 58 more
20 Apr 2025 22:21:58,993 ERROR com.sismics.util.filter.RequestContextFilter.doFilter(RequestContextFilter.java:95) An exception occured, rolling back current transaction 
jakarta.servlet.ServletException: org.json.JSONException: A JSONObject text must begin with '{' at 0 [character 1 line 1]
	at org.glassfish.jersey.servlet.WebComponent.serviceImpl(WebComponent.java:410)
	at org.glassfish.jersey.servlet.WebComponent.service(WebComponent.java:346)
	at org.glassfish.jersey.servlet.ServletContainer.service(ServletContainer.java:358)
	at org.glassfish.jersey.servlet.ServletContainer.service(ServletContainer.java:311)
	at org.glassfish.jersey.servlet.ServletContainer.service(ServletContainer.java:205)
	at org.eclipse.jetty.servlet.ServletHolder.handle(ServletHolder.java:764)
	at org.eclipse.jetty.servlet.ServletHandler$ChainEnd.doFilter(ServletHandler.java:1665)
	at com.sismics.util.filter.SecurityFilter.doFilter(SecurityFilter.java:134)
	at org.eclipse.jetty.servlet.FilterHolder.doFilter(FilterHolder.java:202)
	at org.eclipse.jetty.servlet.ServletHandler$Chain.doFilter(ServletHandler.java:1635)
	at com.sismics.util.filter.SecurityFilter.doFilter(SecurityFilter.java:134)
	at org.eclipse.jetty.servlet.FilterHolder.doFilter(FilterHolder.java:202)
	at org.eclipse.jetty.servlet.ServletHandler$Chain.doFilter(ServletHandler.java:1635)
	at com.sismics.util.filter.SecurityFilter.doFilter(SecurityFilter.java:134)
	at org.eclipse.jetty.servlet.FilterHolder.doFilter(FilterHolder.java:202)
	at org.eclipse.jetty.servlet.ServletHandler$Chain.doFilter(ServletHandler.java:1635)
	at com.sismics.util.filter.RequestContextFilter.doFilter(RequestContextFilter.java:89)
	at org.eclipse.jetty.servlet.FilterHolder.doFilter(FilterHolder.java:202)
	at org.eclipse.jetty.servlet.ServletHandler$Chain.doFilter(ServletHandler.java:1635)
	at com.sismics.util.filter.CorsFilter.doFilter(CorsFilter.java:39)
	at org.eclipse.jetty.servlet.FilterHolder.doFilter(FilterHolder.java:202)
	at org.eclipse.jetty.servlet.ServletHandler$Chain.doFilter(ServletHandler.java:1635)
	at org.eclipse.jetty.websocket.servlet.WebSocketUpgradeFilter.doFilter(WebSocketUpgradeFilter.java:170)
	at org.eclipse.jetty.servlet.FilterHolder.doFilter(FilterHolder.java:202)
	at org.eclipse.jetty.servlet.ServletHandler$Chain.doFilter(ServletHandler.java:1635)
	at org.eclipse.jetty.servlet.ServletHandler.doHandle(ServletHandler.java:527)
	at org.eclipse.jetty.server.handler.ScopedHandler.handle(ScopedHandler.java:131)
	at org.eclipse.jetty.security.SecurityHandler.handle(SecurityHandler.java:598)
	at org.eclipse.jetty.server.handler.HandlerWrapper.handle(HandlerWrapper.java:122)
	at org.eclipse.jetty.server.handler.ScopedHandler.nextHandle(ScopedHandler.java:223)
	at org.eclipse.jetty.server.session.SessionHandler.doHandle(SessionHandler.java:1580)
	at org.eclipse.jetty.server.handler.ScopedHandler.nextHandle(ScopedHandler.java:221)
	at org.eclipse.jetty.server.handler.ContextHandler.doHandle(ContextHandler.java:1381)
	at org.eclipse.jetty.server.handler.ScopedHandler.nextScope(ScopedHandler.java:176)
	at org.eclipse.jetty.servlet.ServletHandler.doScope(ServletHandler.java:484)
	at org.eclipse.jetty.server.session.SessionHandler.doScope(SessionHandler.java:1553)
	at org.eclipse.jetty.server.handler.ScopedHandler.nextScope(ScopedHandler.java:174)
	at org.eclipse.jetty.server.handler.ContextHandler.doScope(ContextHandler.java:1303)
	at org.eclipse.jetty.server.handler.ScopedHandler.handle(ScopedHandler.java:129)
	at org.eclipse.jetty.server.handler.ContextHandlerCollection.handle(ContextHandlerCollection.java:149)
	at org.eclipse.jetty.server.handler.HandlerList.handle(HandlerList.java:51)
	at org.eclipse.jetty.server.handler.HandlerWrapper.handle(HandlerWrapper.java:122)
	at org.eclipse.jetty.server.Server.handle(Server.java:563)
	at org.eclipse.jetty.server.HttpChannel$RequestDispatchable.dispatch(HttpChannel.java:1598)
	at org.eclipse.jetty.server.HttpChannel.dispatch(HttpChannel.java:753)
	at org.eclipse.jetty.server.HttpChannel.handle(HttpChannel.java:501)
	at org.eclipse.jetty.server.HttpConnection.onFillable(HttpConnection.java:287)
	at org.eclipse.jetty.io.AbstractConnection$ReadCallback.succeeded(AbstractConnection.java:314)
	at org.eclipse.jetty.io.FillInterest.fillable(FillInterest.java:100)
	at org.eclipse.jetty.io.SelectableChannelEndPoint$1.run(SelectableChannelEndPoint.java:53)
	at org.eclipse.jetty.util.thread.strategy.AdaptiveExecutionStrategy.runTask(AdaptiveExecutionStrategy.java:421)
	at org.eclipse.jetty.util.thread.strategy.AdaptiveExecutionStrategy.consumeTask(AdaptiveExecutionStrategy.java:390)
	at org.eclipse.jetty.util.thread.strategy.AdaptiveExecutionStrategy.tryProduce(AdaptiveExecutionStrategy.java:277)
	at org.eclipse.jetty.util.thread.strategy.AdaptiveExecutionStrategy.run(AdaptiveExecutionStrategy.java:199)
	at org.eclipse.jetty.util.thread.ReservedThreadExecutor$ReservedThread.run(ReservedThreadExecutor.java:411)
	at org.eclipse.jetty.util.thread.QueuedThreadPool.runJob(QueuedThreadPool.java:969)
	at org.eclipse.jetty.util.thread.QueuedThreadPool$Runner.doRunJob(QueuedThreadPool.java:1194)
	at org.eclipse.jetty.util.thread.QueuedThreadPool$Runner.run(QueuedThreadPool.java:1149)
	at java.base/java.lang.Thread.run(Thread.java:1583)
Caused by: org.json.JSONException: A JSONObject text must begin with '{' at 0 [character 1 line 1]
	at org.json.JSONTokener.syntaxError(JSONTokener.java:507)
	at org.json.JSONObject.<init>(JSONObject.java:222)
	at org.json.JSONObject.<init>(JSONObject.java:406)
	at com.sismics.docs.core.service.TranslationService.translateText(TranslationService.java:42)
	at com.sismics.docs.rest.resource.TranslationResource.translate(TranslationResource.java:21)
	at java.base/jdk.internal.reflect.DirectMethodHandleAccessor.invoke(DirectMethodHandleAccessor.java:103)
	at java.base/java.lang.reflect.Method.invoke(Method.java:580)
	at org.glassfish.jersey.server.model.internal.ResourceMethodInvocationHandlerFactory.lambda$static$0(ResourceMethodInvocationHandlerFactory.java:52)
	at org.glassfish.jersey.server.model.internal.AbstractJavaResourceMethodDispatcher$1.run(AbstractJavaResourceMethodDispatcher.java:134)
	at org.glassfish.jersey.server.model.internal.AbstractJavaResourceMethodDispatcher.invoke(AbstractJavaResourceMethodDispatcher.java:177)
	at org.glassfish.jersey.server.model.internal.JavaResourceMethodDispatcherProvider$ResponseOutInvoker.doDispatch(JavaResourceMethodDispatcherProvider.java:176)
	at org.glassfish.jersey.server.model.internal.AbstractJavaResourceMethodDispatcher.dispatch(AbstractJavaResourceMethodDispatcher.java:81)
	at org.glassfish.jersey.server.model.ResourceMethodInvoker.invoke(ResourceMethodInvoker.java:478)
	at org.glassfish.jersey.server.model.ResourceMethodInvoker.apply(ResourceMethodInvoker.java:400)
	at org.glassfish.jersey.server.model.ResourceMethodInvoker.apply(ResourceMethodInvoker.java:81)
	at org.glassfish.jersey.server.ServerRuntime$1.run(ServerRuntime.java:256)
	at org.glassfish.jersey.internal.Errors$1.call(Errors.java:248)
	at org.glassfish.jersey.internal.Errors$1.call(Errors.java:244)
	at org.glassfish.jersey.internal.Errors.process(Errors.java:292)
	at org.glassfish.jersey.internal.Errors.process(Errors.java:274)
	at org.glassfish.jersey.internal.Errors.process(Errors.java:244)
	at org.glassfish.jersey.process.internal.RequestScope.runInScope(RequestScope.java:265)
	at org.glassfish.jersey.server.ServerRuntime.process(ServerRuntime.java:235)
	at org.glassfish.jersey.server.ApplicationHandler.handle(ApplicationHandler.java:684)
	at org.glassfish.jersey.servlet.WebComponent.serviceImpl(WebComponent.java:394)
	... 58 more
20 Apr 2025 22:26:01,793 ERROR com.sismics.util.filter.RequestContextFilter.doFilter(RequestContextFilter.java:95) An exception occured, rolling back current transaction 
jakarta.servlet.ServletException: org.json.JSONException: A JSONObject text must begin with '{' at 0 [character 1 line 1]
	at org.glassfish.jersey.servlet.WebComponent.serviceImpl(WebComponent.java:410)
	at org.glassfish.jersey.servlet.WebComponent.service(WebComponent.java:346)
	at org.glassfish.jersey.servlet.ServletContainer.service(ServletContainer.java:358)
	at org.glassfish.jersey.servlet.ServletContainer.service(ServletContainer.java:311)
	at org.glassfish.jersey.servlet.ServletContainer.service(ServletContainer.java:205)
	at org.eclipse.jetty.servlet.ServletHolder.handle(ServletHolder.java:764)
	at org.eclipse.jetty.servlet.ServletHandler$ChainEnd.doFilter(ServletHandler.java:1665)
	at com.sismics.util.filter.SecurityFilter.doFilter(SecurityFilter.java:134)
	at org.eclipse.jetty.servlet.FilterHolder.doFilter(FilterHolder.java:202)
	at org.eclipse.jetty.servlet.ServletHandler$Chain.doFilter(ServletHandler.java:1635)
	at com.sismics.util.filter.SecurityFilter.doFilter(SecurityFilter.java:134)
	at org.eclipse.jetty.servlet.FilterHolder.doFilter(FilterHolder.java:202)
	at org.eclipse.jetty.servlet.ServletHandler$Chain.doFilter(ServletHandler.java:1635)
	at com.sismics.util.filter.SecurityFilter.doFilter(SecurityFilter.java:134)
	at org.eclipse.jetty.servlet.FilterHolder.doFilter(FilterHolder.java:202)
	at org.eclipse.jetty.servlet.ServletHandler$Chain.doFilter(ServletHandler.java:1635)
	at com.sismics.util.filter.RequestContextFilter.doFilter(RequestContextFilter.java:89)
	at org.eclipse.jetty.servlet.FilterHolder.doFilter(FilterHolder.java:202)
	at org.eclipse.jetty.servlet.ServletHandler$Chain.doFilter(ServletHandler.java:1635)
	at com.sismics.util.filter.CorsFilter.doFilter(CorsFilter.java:39)
	at org.eclipse.jetty.servlet.FilterHolder.doFilter(FilterHolder.java:202)
	at org.eclipse.jetty.servlet.ServletHandler$Chain.doFilter(ServletHandler.java:1635)
	at org.eclipse.jetty.websocket.servlet.WebSocketUpgradeFilter.doFilter(WebSocketUpgradeFilter.java:170)
	at org.eclipse.jetty.servlet.FilterHolder.doFilter(FilterHolder.java:202)
	at org.eclipse.jetty.servlet.ServletHandler$Chain.doFilter(ServletHandler.java:1635)
	at org.eclipse.jetty.servlet.ServletHandler.doHandle(ServletHandler.java:527)
	at org.eclipse.jetty.server.handler.ScopedHandler.handle(ScopedHandler.java:131)
	at org.eclipse.jetty.security.SecurityHandler.handle(SecurityHandler.java:598)
	at org.eclipse.jetty.server.handler.HandlerWrapper.handle(HandlerWrapper.java:122)
	at org.eclipse.jetty.server.handler.ScopedHandler.nextHandle(ScopedHandler.java:223)
	at org.eclipse.jetty.server.session.SessionHandler.doHandle(SessionHandler.java:1580)
	at org.eclipse.jetty.server.handler.ScopedHandler.nextHandle(ScopedHandler.java:221)
	at org.eclipse.jetty.server.handler.ContextHandler.doHandle(ContextHandler.java:1381)
	at org.eclipse.jetty.server.handler.ScopedHandler.nextScope(ScopedHandler.java:176)
	at org.eclipse.jetty.servlet.ServletHandler.doScope(ServletHandler.java:484)
	at org.eclipse.jetty.server.session.SessionHandler.doScope(SessionHandler.java:1553)
	at org.eclipse.jetty.server.handler.ScopedHandler.nextScope(ScopedHandler.java:174)
	at org.eclipse.jetty.server.handler.ContextHandler.doScope(ContextHandler.java:1303)
	at org.eclipse.jetty.server.handler.ScopedHandler.handle(ScopedHandler.java:129)
	at org.eclipse.jetty.server.handler.ContextHandlerCollection.handle(ContextHandlerCollection.java:149)
	at org.eclipse.jetty.server.handler.HandlerList.handle(HandlerList.java:51)
	at org.eclipse.jetty.server.handler.HandlerWrapper.handle(HandlerWrapper.java:122)
	at org.eclipse.jetty.server.Server.handle(Server.java:563)
	at org.eclipse.jetty.server.HttpChannel$RequestDispatchable.dispatch(HttpChannel.java:1598)
	at org.eclipse.jetty.server.HttpChannel.dispatch(HttpChannel.java:753)
	at org.eclipse.jetty.server.HttpChannel.handle(HttpChannel.java:501)
	at org.eclipse.jetty.server.HttpConnection.onFillable(HttpConnection.java:287)
	at org.eclipse.jetty.io.AbstractConnection$ReadCallback.succeeded(AbstractConnection.java:314)
	at org.eclipse.jetty.io.FillInterest.fillable(FillInterest.java:100)
	at org.eclipse.jetty.io.SelectableChannelEndPoint$1.run(SelectableChannelEndPoint.java:53)
	at org.eclipse.jetty.util.thread.QueuedThreadPool.runJob(QueuedThreadPool.java:969)
	at org.eclipse.jetty.util.thread.QueuedThreadPool$Runner.doRunJob(QueuedThreadPool.java:1194)
	at org.eclipse.jetty.util.thread.QueuedThreadPool$Runner.run(QueuedThreadPool.java:1149)
	at java.base/java.lang.Thread.run(Thread.java:1583)
Caused by: org.json.JSONException: A JSONObject text must begin with '{' at 0 [character 1 line 1]
	at org.json.JSONTokener.syntaxError(JSONTokener.java:507)
	at org.json.JSONObject.<init>(JSONObject.java:222)
	at org.json.JSONObject.<init>(JSONObject.java:406)
	at com.sismics.docs.core.service.TranslationService.translateText(TranslationService.java:42)
	at com.sismics.docs.rest.resource.TranslationResource.translate(TranslationResource.java:21)
	at java.base/jdk.internal.reflect.DirectMethodHandleAccessor.invoke(DirectMethodHandleAccessor.java:103)
	at java.base/java.lang.reflect.Method.invoke(Method.java:580)
	at org.glassfish.jersey.server.model.internal.ResourceMethodInvocationHandlerFactory.lambda$static$0(ResourceMethodInvocationHandlerFactory.java:52)
	at org.glassfish.jersey.server.model.internal.AbstractJavaResourceMethodDispatcher$1.run(AbstractJavaResourceMethodDispatcher.java:134)
	at org.glassfish.jersey.server.model.internal.AbstractJavaResourceMethodDispatcher.invoke(AbstractJavaResourceMethodDispatcher.java:177)
	at org.glassfish.jersey.server.model.internal.JavaResourceMethodDispatcherProvider$ResponseOutInvoker.doDispatch(JavaResourceMethodDispatcherProvider.java:176)
	at org.glassfish.jersey.server.model.internal.AbstractJavaResourceMethodDispatcher.dispatch(AbstractJavaResourceMethodDispatcher.java:81)
	at org.glassfish.jersey.server.model.ResourceMethodInvoker.invoke(ResourceMethodInvoker.java:478)
	at org.glassfish.jersey.server.model.ResourceMethodInvoker.apply(ResourceMethodInvoker.java:400)
	at org.glassfish.jersey.server.model.ResourceMethodInvoker.apply(ResourceMethodInvoker.java:81)
	at org.glassfish.jersey.server.ServerRuntime$1.run(ServerRuntime.java:256)
	at org.glassfish.jersey.internal.Errors$1.call(Errors.java:248)
	at org.glassfish.jersey.internal.Errors$1.call(Errors.java:244)
	at org.glassfish.jersey.internal.Errors.process(Errors.java:292)
	at org.glassfish.jersey.internal.Errors.process(Errors.java:274)
	at org.glassfish.jersey.internal.Errors.process(Errors.java:244)
	at org.glassfish.jersey.process.internal.RequestScope.runInScope(RequestScope.java:265)
	at org.glassfish.jersey.server.ServerRuntime.process(ServerRuntime.java:235)
	at org.glassfish.jersey.server.ApplicationHandler.handle(ApplicationHandler.java:684)
	at org.glassfish.jersey.servlet.WebComponent.serviceImpl(WebComponent.java:394)
	... 53 more
20 Apr 2025 22:26:06,895 ERROR com.sismics.util.filter.RequestContextFilter.doFilter(RequestContextFilter.java:95) An exception occured, rolling back current transaction 
jakarta.servlet.ServletException: org.json.JSONException: A JSONObject text must begin with '{' at 0 [character 1 line 1]
	at org.glassfish.jersey.servlet.WebComponent.serviceImpl(WebComponent.java:410)
	at org.glassfish.jersey.servlet.WebComponent.service(WebComponent.java:346)
	at org.glassfish.jersey.servlet.ServletContainer.service(ServletContainer.java:358)
	at org.glassfish.jersey.servlet.ServletContainer.service(ServletContainer.java:311)
	at org.glassfish.jersey.servlet.ServletContainer.service(ServletContainer.java:205)
	at org.eclipse.jetty.servlet.ServletHolder.handle(ServletHolder.java:764)
	at org.eclipse.jetty.servlet.ServletHandler$ChainEnd.doFilter(ServletHandler.java:1665)
	at com.sismics.util.filter.SecurityFilter.doFilter(SecurityFilter.java:134)
	at org.eclipse.jetty.servlet.FilterHolder.doFilter(FilterHolder.java:202)
	at org.eclipse.jetty.servlet.ServletHandler$Chain.doFilter(ServletHandler.java:1635)
	at com.sismics.util.filter.SecurityFilter.doFilter(SecurityFilter.java:134)
	at org.eclipse.jetty.servlet.FilterHolder.doFilter(FilterHolder.java:202)
	at org.eclipse.jetty.servlet.ServletHandler$Chain.doFilter(ServletHandler.java:1635)
	at com.sismics.util.filter.SecurityFilter.doFilter(SecurityFilter.java:134)
	at org.eclipse.jetty.servlet.FilterHolder.doFilter(FilterHolder.java:202)
	at org.eclipse.jetty.servlet.ServletHandler$Chain.doFilter(ServletHandler.java:1635)
	at com.sismics.util.filter.RequestContextFilter.doFilter(RequestContextFilter.java:89)
	at org.eclipse.jetty.servlet.FilterHolder.doFilter(FilterHolder.java:202)
	at org.eclipse.jetty.servlet.ServletHandler$Chain.doFilter(ServletHandler.java:1635)
	at com.sismics.util.filter.CorsFilter.doFilter(CorsFilter.java:39)
	at org.eclipse.jetty.servlet.FilterHolder.doFilter(FilterHolder.java:202)
	at org.eclipse.jetty.servlet.ServletHandler$Chain.doFilter(ServletHandler.java:1635)
	at org.eclipse.jetty.websocket.servlet.WebSocketUpgradeFilter.doFilter(WebSocketUpgradeFilter.java:170)
	at org.eclipse.jetty.servlet.FilterHolder.doFilter(FilterHolder.java:202)
	at org.eclipse.jetty.servlet.ServletHandler$Chain.doFilter(ServletHandler.java:1635)
	at org.eclipse.jetty.servlet.ServletHandler.doHandle(ServletHandler.java:527)
	at org.eclipse.jetty.server.handler.ScopedHandler.handle(ScopedHandler.java:131)
	at org.eclipse.jetty.security.SecurityHandler.handle(SecurityHandler.java:598)
	at org.eclipse.jetty.server.handler.HandlerWrapper.handle(HandlerWrapper.java:122)
	at org.eclipse.jetty.server.handler.ScopedHandler.nextHandle(ScopedHandler.java:223)
	at org.eclipse.jetty.server.session.SessionHandler.doHandle(SessionHandler.java:1580)
	at org.eclipse.jetty.server.handler.ScopedHandler.nextHandle(ScopedHandler.java:221)
	at org.eclipse.jetty.server.handler.ContextHandler.doHandle(ContextHandler.java:1381)
	at org.eclipse.jetty.server.handler.ScopedHandler.nextScope(ScopedHandler.java:176)
	at org.eclipse.jetty.servlet.ServletHandler.doScope(ServletHandler.java:484)
	at org.eclipse.jetty.server.session.SessionHandler.doScope(SessionHandler.java:1553)
	at org.eclipse.jetty.server.handler.ScopedHandler.nextScope(ScopedHandler.java:174)
	at org.eclipse.jetty.server.handler.ContextHandler.doScope(ContextHandler.java:1303)
	at org.eclipse.jetty.server.handler.ScopedHandler.handle(ScopedHandler.java:129)
	at org.eclipse.jetty.server.handler.ContextHandlerCollection.handle(ContextHandlerCollection.java:149)
	at org.eclipse.jetty.server.handler.HandlerList.handle(HandlerList.java:51)
	at org.eclipse.jetty.server.handler.HandlerWrapper.handle(HandlerWrapper.java:122)
	at org.eclipse.jetty.server.Server.handle(Server.java:563)
	at org.eclipse.jetty.server.HttpChannel$RequestDispatchable.dispatch(HttpChannel.java:1598)
	at org.eclipse.jetty.server.HttpChannel.dispatch(HttpChannel.java:753)
	at org.eclipse.jetty.server.HttpChannel.handle(HttpChannel.java:501)
	at org.eclipse.jetty.server.HttpConnection.onFillable(HttpConnection.java:287)
	at org.eclipse.jetty.io.AbstractConnection$ReadCallback.succeeded(AbstractConnection.java:314)
	at org.eclipse.jetty.io.FillInterest.fillable(FillInterest.java:100)
	at org.eclipse.jetty.io.SelectableChannelEndPoint$1.run(SelectableChannelEndPoint.java:53)
	at org.eclipse.jetty.util.thread.strategy.AdaptiveExecutionStrategy.runTask(AdaptiveExecutionStrategy.java:421)
	at org.eclipse.jetty.util.thread.strategy.AdaptiveExecutionStrategy.consumeTask(AdaptiveExecutionStrategy.java:390)
	at org.eclipse.jetty.util.thread.strategy.AdaptiveExecutionStrategy.tryProduce(AdaptiveExecutionStrategy.java:277)
	at org.eclipse.jetty.util.thread.strategy.AdaptiveExecutionStrategy.run(AdaptiveExecutionStrategy.java:199)
	at org.eclipse.jetty.util.thread.ReservedThreadExecutor$ReservedThread.run(ReservedThreadExecutor.java:411)
	at org.eclipse.jetty.util.thread.QueuedThreadPool.runJob(QueuedThreadPool.java:969)
	at org.eclipse.jetty.util.thread.QueuedThreadPool$Runner.doRunJob(QueuedThreadPool.java:1194)
	at org.eclipse.jetty.util.thread.QueuedThreadPool$Runner.run(QueuedThreadPool.java:1149)
	at java.base/java.lang.Thread.run(Thread.java:1583)
Caused by: org.json.JSONException: A JSONObject text must begin with '{' at 0 [character 1 line 1]
	at org.json.JSONTokener.syntaxError(JSONTokener.java:507)
	at org.json.JSONObject.<init>(JSONObject.java:222)
	at org.json.JSONObject.<init>(JSONObject.java:406)
	at com.sismics.docs.core.service.TranslationService.translateText(TranslationService.java:42)
	at com.sismics.docs.rest.resource.TranslationResource.translate(TranslationResource.java:21)
	at java.base/jdk.internal.reflect.DirectMethodHandleAccessor.invoke(DirectMethodHandleAccessor.java:103)
	at java.base/java.lang.reflect.Method.invoke(Method.java:580)
	at org.glassfish.jersey.server.model.internal.ResourceMethodInvocationHandlerFactory.lambda$static$0(ResourceMethodInvocationHandlerFactory.java:52)
	at org.glassfish.jersey.server.model.internal.AbstractJavaResourceMethodDispatcher$1.run(AbstractJavaResourceMethodDispatcher.java:134)
	at org.glassfish.jersey.server.model.internal.AbstractJavaResourceMethodDispatcher.invoke(AbstractJavaResourceMethodDispatcher.java:177)
	at org.glassfish.jersey.server.model.internal.JavaResourceMethodDispatcherProvider$ResponseOutInvoker.doDispatch(JavaResourceMethodDispatcherProvider.java:176)
	at org.glassfish.jersey.server.model.internal.AbstractJavaResourceMethodDispatcher.dispatch(AbstractJavaResourceMethodDispatcher.java:81)
	at org.glassfish.jersey.server.model.ResourceMethodInvoker.invoke(ResourceMethodInvoker.java:478)
	at org.glassfish.jersey.server.model.ResourceMethodInvoker.apply(ResourceMethodInvoker.java:400)
	at org.glassfish.jersey.server.model.ResourceMethodInvoker.apply(ResourceMethodInvoker.java:81)
	at org.glassfish.jersey.server.ServerRuntime$1.run(ServerRuntime.java:256)
	at org.glassfish.jersey.internal.Errors$1.call(Errors.java:248)
	at org.glassfish.jersey.internal.Errors$1.call(Errors.java:244)
	at org.glassfish.jersey.internal.Errors.process(Errors.java:292)
	at org.glassfish.jersey.internal.Errors.process(Errors.java:274)
	at org.glassfish.jersey.internal.Errors.process(Errors.java:244)
	at org.glassfish.jersey.process.internal.RequestScope.runInScope(RequestScope.java:265)
	at org.glassfish.jersey.server.ServerRuntime.process(ServerRuntime.java:235)
	at org.glassfish.jersey.server.ApplicationHandler.handle(ApplicationHandler.java:684)
	at org.glassfish.jersey.servlet.WebComponent.serviceImpl(WebComponent.java:394)
	... 58 more
20 Apr 2025 22:29:26,699 INFO com.sismics.docs.core.service.InboxService.shutDown(InboxService.java:57) Inbox service shutting down 
20 Apr 2025 22:29:26,700 INFO com.sismics.docs.core.service.FileService.shutDown(FileService.java:44) File service shutting down 
20 Apr 2025 22:29:29,569 INFO com.sismics.util.jpa.EMF.getEntityManagerProperties(EMF.java:67) Configuring EntityManager from hibernate.properties 
20 Apr 2025 22:29:29,865 INFO com.sismics.util.jpa.DbOpenHelper.open(DbOpenHelper.java:57) Opening database and executing incremental updates 
20 Apr 2025 22:29:29,867 INFO com.sismics.util.jpa.DbOpenHelper.open(DbOpenHelper.java:106) Found database version 31, new version is 31, executing database incremental update scripts 
20 Apr 2025 22:29:29,868 INFO com.sismics.util.jpa.DbOpenHelper.open(DbOpenHelper.java:108) Database upgrade complete 
20 Apr 2025 22:29:29,868 INFO com.sismics.util.jpa.EMF.getEntityManagerProperties(EMF.java:67) Configuring EntityManager from hibernate.properties 
20 Apr 2025 22:29:30,774 INFO com.sismics.util.ClasspathScanner.findClasses(ClasspathScanner.java:48) Found 1 classes for IndexingHandler 
20 Apr 2025 22:29:30,798 INFO com.sismics.docs.core.util.indexing.LuceneIndexingHandler.initLucene(LuceneIndexingHandler.java:129) Using RAM Lucene storage 
20 Apr 2025 22:29:30,837 INFO com.sismics.docs.core.service.FileService.startUp(FileService.java:39) File service starting up 
20 Apr 2025 22:29:30,839 INFO com.sismics.docs.core.service.InboxService.startUp(InboxService.java:52) Inbox service starting up 
20 Apr 2025 22:29:30,839 INFO com.sismics.docs.core.service.FileSizeService.startUp(FileSizeService.java:30) File size service starting up 
20 Apr 2025 22:29:31,001 INFO com.sismics.docs.core.service.FileSizeService.lambda$runOneIteration$0(FileSizeService.java:50) No more file to process, stopping the service 
20 Apr 2025 22:29:31,002 INFO com.sismics.docs.core.service.FileSizeService.shutDown(FileSizeService.java:35) File size service shutting down 
20 Apr 2025 22:32:03,292 INFO com.sismics.docs.core.service.InboxService.shutDown(InboxService.java:57) Inbox service shutting down 
20 Apr 2025 22:32:03,293 INFO com.sismics.docs.core.service.FileService.shutDown(FileService.java:44) File service shutting down 
20 Apr 2025 22:32:06,356 INFO com.sismics.util.jpa.EMF.getEntityManagerProperties(EMF.java:67) Configuring EntityManager from hibernate.properties 
20 Apr 2025 22:32:06,663 INFO com.sismics.util.jpa.DbOpenHelper.open(DbOpenHelper.java:57) Opening database and executing incremental updates 
20 Apr 2025 22:32:06,665 INFO com.sismics.util.jpa.DbOpenHelper.open(DbOpenHelper.java:106) Found database version 31, new version is 31, executing database incremental update scripts 
20 Apr 2025 22:32:06,665 INFO com.sismics.util.jpa.DbOpenHelper.open(DbOpenHelper.java:108) Database upgrade complete 
20 Apr 2025 22:32:06,665 INFO com.sismics.util.jpa.EMF.getEntityManagerProperties(EMF.java:67) Configuring EntityManager from hibernate.properties 
20 Apr 2025 22:32:07,581 INFO com.sismics.util.ClasspathScanner.findClasses(ClasspathScanner.java:48) Found 1 classes for IndexingHandler 
20 Apr 2025 22:32:07,604 INFO com.sismics.docs.core.util.indexing.LuceneIndexingHandler.initLucene(LuceneIndexingHandler.java:129) Using RAM Lucene storage 
20 Apr 2025 22:32:07,640 INFO com.sismics.docs.core.service.FileService.startUp(FileService.java:39) File service starting up 
20 Apr 2025 22:32:07,641 INFO com.sismics.docs.core.service.InboxService.startUp(InboxService.java:52) Inbox service starting up 
20 Apr 2025 22:32:07,642 INFO com.sismics.docs.core.service.FileSizeService.startUp(FileSizeService.java:30) File size service starting up 
20 Apr 2025 22:32:07,807 INFO com.sismics.docs.core.service.FileSizeService.lambda$runOneIteration$0(FileSizeService.java:50) No more file to process, stopping the service 
20 Apr 2025 22:32:07,807 INFO com.sismics.docs.core.service.FileSizeService.shutDown(FileSizeService.java:35) File size service shutting down 
20 Apr 2025 22:34:55,244 INFO com.sismics.docs.core.service.InboxService.shutDown(InboxService.java:57) Inbox service shutting down 
20 Apr 2025 22:34:55,245 INFO com.sismics.docs.core.service.FileService.shutDown(FileService.java:44) File service shutting down 
20 Apr 2025 22:34:57,980 INFO com.sismics.util.jpa.EMF.getEntityManagerProperties(EMF.java:67) Configuring EntityManager from hibernate.properties 
20 Apr 2025 22:34:58,266 INFO com.sismics.util.jpa.DbOpenHelper.open(DbOpenHelper.java:57) Opening database and executing incremental updates 
20 Apr 2025 22:34:58,268 INFO com.sismics.util.jpa.DbOpenHelper.open(DbOpenHelper.java:106) Found database version 31, new version is 31, executing database incremental update scripts 
20 Apr 2025 22:34:58,268 INFO com.sismics.util.jpa.DbOpenHelper.open(DbOpenHelper.java:108) Database upgrade complete 
20 Apr 2025 22:34:58,268 INFO com.sismics.util.jpa.EMF.getEntityManagerProperties(EMF.java:67) Configuring EntityManager from hibernate.properties 
20 Apr 2025 22:34:59,177 INFO com.sismics.util.ClasspathScanner.findClasses(ClasspathScanner.java:48) Found 1 classes for IndexingHandler 
20 Apr 2025 22:34:59,200 INFO com.sismics.docs.core.util.indexing.LuceneIndexingHandler.initLucene(LuceneIndexingHandler.java:129) Using RAM Lucene storage 
20 Apr 2025 22:34:59,239 INFO com.sismics.docs.core.service.FileService.startUp(FileService.java:39) File service starting up 
20 Apr 2025 22:34:59,241 INFO com.sismics.docs.core.service.InboxService.startUp(InboxService.java:52) Inbox service starting up 
20 Apr 2025 22:34:59,241 INFO com.sismics.docs.core.service.FileSizeService.startUp(FileSizeService.java:30) File size service starting up 
20 Apr 2025 22:34:59,381 INFO com.sismics.docs.core.service.FileSizeService.lambda$runOneIteration$0(FileSizeService.java:50) No more file to process, stopping the service 
20 Apr 2025 22:34:59,381 INFO com.sismics.docs.core.service.FileSizeService.shutDown(FileSizeService.java:35) File size service shutting down 
20 Apr 2025 22:35:06,322 ERROR com.sismics.util.filter.RequestContextFilter.doFilter(RequestContextFilter.java:95) An exception occured, rolling back current transaction 
jakarta.servlet.ServletException: org.json.JSONException: A JSONObject text must begin with '{' at 0 [character 1 line 1]
	at org.glassfish.jersey.servlet.WebComponent.serviceImpl(WebComponent.java:410)
	at org.glassfish.jersey.servlet.WebComponent.service(WebComponent.java:346)
	at org.glassfish.jersey.servlet.ServletContainer.service(ServletContainer.java:358)
	at org.glassfish.jersey.servlet.ServletContainer.service(ServletContainer.java:311)
	at org.glassfish.jersey.servlet.ServletContainer.service(ServletContainer.java:205)
	at org.eclipse.jetty.servlet.ServletHolder.handle(ServletHolder.java:764)
	at org.eclipse.jetty.servlet.ServletHandler$ChainEnd.doFilter(ServletHandler.java:1665)
	at com.sismics.util.filter.SecurityFilter.doFilter(SecurityFilter.java:134)
	at org.eclipse.jetty.servlet.FilterHolder.doFilter(FilterHolder.java:202)
	at org.eclipse.jetty.servlet.ServletHandler$Chain.doFilter(ServletHandler.java:1635)
	at com.sismics.util.filter.SecurityFilter.doFilter(SecurityFilter.java:134)
	at org.eclipse.jetty.servlet.FilterHolder.doFilter(FilterHolder.java:202)
	at org.eclipse.jetty.servlet.ServletHandler$Chain.doFilter(ServletHandler.java:1635)
	at com.sismics.util.filter.SecurityFilter.doFilter(SecurityFilter.java:134)
	at org.eclipse.jetty.servlet.FilterHolder.doFilter(FilterHolder.java:202)
	at org.eclipse.jetty.servlet.ServletHandler$Chain.doFilter(ServletHandler.java:1635)
	at com.sismics.util.filter.RequestContextFilter.doFilter(RequestContextFilter.java:89)
	at org.eclipse.jetty.servlet.FilterHolder.doFilter(FilterHolder.java:202)
	at org.eclipse.jetty.servlet.ServletHandler$Chain.doFilter(ServletHandler.java:1635)
	at com.sismics.util.filter.CorsFilter.doFilter(CorsFilter.java:39)
	at org.eclipse.jetty.servlet.FilterHolder.doFilter(FilterHolder.java:202)
	at org.eclipse.jetty.servlet.ServletHandler$Chain.doFilter(ServletHandler.java:1635)
	at org.eclipse.jetty.websocket.servlet.WebSocketUpgradeFilter.doFilter(WebSocketUpgradeFilter.java:170)
	at org.eclipse.jetty.servlet.FilterHolder.doFilter(FilterHolder.java:202)
	at org.eclipse.jetty.servlet.ServletHandler$Chain.doFilter(ServletHandler.java:1635)
	at org.eclipse.jetty.servlet.ServletHandler.doHandle(ServletHandler.java:527)
	at org.eclipse.jetty.server.handler.ScopedHandler.handle(ScopedHandler.java:131)
	at org.eclipse.jetty.security.SecurityHandler.handle(SecurityHandler.java:598)
	at org.eclipse.jetty.server.handler.HandlerWrapper.handle(HandlerWrapper.java:122)
	at org.eclipse.jetty.server.handler.ScopedHandler.nextHandle(ScopedHandler.java:223)
	at org.eclipse.jetty.server.session.SessionHandler.doHandle(SessionHandler.java:1580)
	at org.eclipse.jetty.server.handler.ScopedHandler.nextHandle(ScopedHandler.java:221)
	at org.eclipse.jetty.server.handler.ContextHandler.doHandle(ContextHandler.java:1381)
	at org.eclipse.jetty.server.handler.ScopedHandler.nextScope(ScopedHandler.java:176)
	at org.eclipse.jetty.servlet.ServletHandler.doScope(ServletHandler.java:484)
	at org.eclipse.jetty.server.session.SessionHandler.doScope(SessionHandler.java:1553)
	at org.eclipse.jetty.server.handler.ScopedHandler.nextScope(ScopedHandler.java:174)
	at org.eclipse.jetty.server.handler.ContextHandler.doScope(ContextHandler.java:1303)
	at org.eclipse.jetty.server.handler.ScopedHandler.handle(ScopedHandler.java:129)
	at org.eclipse.jetty.server.handler.ContextHandlerCollection.handle(ContextHandlerCollection.java:149)
	at org.eclipse.jetty.server.handler.HandlerList.handle(HandlerList.java:51)
	at org.eclipse.jetty.server.handler.HandlerWrapper.handle(HandlerWrapper.java:122)
	at org.eclipse.jetty.server.Server.handle(Server.java:563)
	at org.eclipse.jetty.server.HttpChannel$RequestDispatchable.dispatch(HttpChannel.java:1598)
	at org.eclipse.jetty.server.HttpChannel.dispatch(HttpChannel.java:753)
	at org.eclipse.jetty.server.HttpChannel.handle(HttpChannel.java:501)
	at org.eclipse.jetty.server.HttpConnection.onFillable(HttpConnection.java:287)
	at org.eclipse.jetty.io.AbstractConnection$ReadCallback.succeeded(AbstractConnection.java:314)
	at org.eclipse.jetty.io.FillInterest.fillable(FillInterest.java:100)
	at org.eclipse.jetty.io.SelectableChannelEndPoint$1.run(SelectableChannelEndPoint.java:53)
	at org.eclipse.jetty.util.thread.QueuedThreadPool.runJob(QueuedThreadPool.java:969)
	at org.eclipse.jetty.util.thread.QueuedThreadPool$Runner.doRunJob(QueuedThreadPool.java:1194)
	at org.eclipse.jetty.util.thread.QueuedThreadPool$Runner.run(QueuedThreadPool.java:1149)
	at java.base/java.lang.Thread.run(Thread.java:1583)
Caused by: org.json.JSONException: A JSONObject text must begin with '{' at 0 [character 1 line 1]
	at org.json.JSONTokener.syntaxError(JSONTokener.java:507)
	at org.json.JSONObject.<init>(JSONObject.java:222)
	at org.json.JSONObject.<init>(JSONObject.java:406)
	at com.sismics.docs.core.service.TranslationService.translateText(TranslationService.java:42)
	at com.sismics.docs.rest.resource.TranslationResource.translate(TranslationResource.java:21)
	at java.base/jdk.internal.reflect.DirectMethodHandleAccessor.invoke(DirectMethodHandleAccessor.java:103)
	at java.base/java.lang.reflect.Method.invoke(Method.java:580)
	at org.glassfish.jersey.server.model.internal.ResourceMethodInvocationHandlerFactory.lambda$static$0(ResourceMethodInvocationHandlerFactory.java:52)
	at org.glassfish.jersey.server.model.internal.AbstractJavaResourceMethodDispatcher$1.run(AbstractJavaResourceMethodDispatcher.java:134)
	at org.glassfish.jersey.server.model.internal.AbstractJavaResourceMethodDispatcher.invoke(AbstractJavaResourceMethodDispatcher.java:177)
	at org.glassfish.jersey.server.model.internal.JavaResourceMethodDispatcherProvider$ResponseOutInvoker.doDispatch(JavaResourceMethodDispatcherProvider.java:176)
	at org.glassfish.jersey.server.model.internal.AbstractJavaResourceMethodDispatcher.dispatch(AbstractJavaResourceMethodDispatcher.java:81)
	at org.glassfish.jersey.server.model.ResourceMethodInvoker.invoke(ResourceMethodInvoker.java:478)
	at org.glassfish.jersey.server.model.ResourceMethodInvoker.apply(ResourceMethodInvoker.java:400)
	at org.glassfish.jersey.server.model.ResourceMethodInvoker.apply(ResourceMethodInvoker.java:81)
	at org.glassfish.jersey.server.ServerRuntime$1.run(ServerRuntime.java:256)
	at org.glassfish.jersey.internal.Errors$1.call(Errors.java:248)
	at org.glassfish.jersey.internal.Errors$1.call(Errors.java:244)
	at org.glassfish.jersey.internal.Errors.process(Errors.java:292)
	at org.glassfish.jersey.internal.Errors.process(Errors.java:274)
	at org.glassfish.jersey.internal.Errors.process(Errors.java:244)
	at org.glassfish.jersey.process.internal.RequestScope.runInScope(RequestScope.java:265)
	at org.glassfish.jersey.server.ServerRuntime.process(ServerRuntime.java:235)
	at org.glassfish.jersey.server.ApplicationHandler.handle(ApplicationHandler.java:684)
	at org.glassfish.jersey.servlet.WebComponent.serviceImpl(WebComponent.java:394)
	... 53 more
20 Apr 2025 22:35:18,941 ERROR com.sismics.util.filter.RequestContextFilter.doFilter(RequestContextFilter.java:95) An exception occured, rolling back current transaction 
jakarta.servlet.ServletException: org.json.JSONException: A JSONObject text must begin with '{' at 0 [character 1 line 1]
	at org.glassfish.jersey.servlet.WebComponent.serviceImpl(WebComponent.java:410)
	at org.glassfish.jersey.servlet.WebComponent.service(WebComponent.java:346)
	at org.glassfish.jersey.servlet.ServletContainer.service(ServletContainer.java:358)
	at org.glassfish.jersey.servlet.ServletContainer.service(ServletContainer.java:311)
	at org.glassfish.jersey.servlet.ServletContainer.service(ServletContainer.java:205)
	at org.eclipse.jetty.servlet.ServletHolder.handle(ServletHolder.java:764)
	at org.eclipse.jetty.servlet.ServletHandler$ChainEnd.doFilter(ServletHandler.java:1665)
	at com.sismics.util.filter.SecurityFilter.doFilter(SecurityFilter.java:134)
	at org.eclipse.jetty.servlet.FilterHolder.doFilter(FilterHolder.java:202)
	at org.eclipse.jetty.servlet.ServletHandler$Chain.doFilter(ServletHandler.java:1635)
	at com.sismics.util.filter.SecurityFilter.doFilter(SecurityFilter.java:134)
	at org.eclipse.jetty.servlet.FilterHolder.doFilter(FilterHolder.java:202)
	at org.eclipse.jetty.servlet.ServletHandler$Chain.doFilter(ServletHandler.java:1635)
	at com.sismics.util.filter.SecurityFilter.doFilter(SecurityFilter.java:134)
	at org.eclipse.jetty.servlet.FilterHolder.doFilter(FilterHolder.java:202)
	at org.eclipse.jetty.servlet.ServletHandler$Chain.doFilter(ServletHandler.java:1635)
	at com.sismics.util.filter.RequestContextFilter.doFilter(RequestContextFilter.java:89)
	at org.eclipse.jetty.servlet.FilterHolder.doFilter(FilterHolder.java:202)
	at org.eclipse.jetty.servlet.ServletHandler$Chain.doFilter(ServletHandler.java:1635)
	at com.sismics.util.filter.CorsFilter.doFilter(CorsFilter.java:39)
	at org.eclipse.jetty.servlet.FilterHolder.doFilter(FilterHolder.java:202)
	at org.eclipse.jetty.servlet.ServletHandler$Chain.doFilter(ServletHandler.java:1635)
	at org.eclipse.jetty.websocket.servlet.WebSocketUpgradeFilter.doFilter(WebSocketUpgradeFilter.java:170)
	at org.eclipse.jetty.servlet.FilterHolder.doFilter(FilterHolder.java:202)
	at org.eclipse.jetty.servlet.ServletHandler$Chain.doFilter(ServletHandler.java:1635)
	at org.eclipse.jetty.servlet.ServletHandler.doHandle(ServletHandler.java:527)
	at org.eclipse.jetty.server.handler.ScopedHandler.handle(ScopedHandler.java:131)
	at org.eclipse.jetty.security.SecurityHandler.handle(SecurityHandler.java:598)
	at org.eclipse.jetty.server.handler.HandlerWrapper.handle(HandlerWrapper.java:122)
	at org.eclipse.jetty.server.handler.ScopedHandler.nextHandle(ScopedHandler.java:223)
	at org.eclipse.jetty.server.session.SessionHandler.doHandle(SessionHandler.java:1580)
	at org.eclipse.jetty.server.handler.ScopedHandler.nextHandle(ScopedHandler.java:221)
	at org.eclipse.jetty.server.handler.ContextHandler.doHandle(ContextHandler.java:1381)
	at org.eclipse.jetty.server.handler.ScopedHandler.nextScope(ScopedHandler.java:176)
	at org.eclipse.jetty.servlet.ServletHandler.doScope(ServletHandler.java:484)
	at org.eclipse.jetty.server.session.SessionHandler.doScope(SessionHandler.java:1553)
	at org.eclipse.jetty.server.handler.ScopedHandler.nextScope(ScopedHandler.java:174)
	at org.eclipse.jetty.server.handler.ContextHandler.doScope(ContextHandler.java:1303)
	at org.eclipse.jetty.server.handler.ScopedHandler.handle(ScopedHandler.java:129)
	at org.eclipse.jetty.server.handler.ContextHandlerCollection.handle(ContextHandlerCollection.java:149)
	at org.eclipse.jetty.server.handler.HandlerList.handle(HandlerList.java:51)
	at org.eclipse.jetty.server.handler.HandlerWrapper.handle(HandlerWrapper.java:122)
	at org.eclipse.jetty.server.Server.handle(Server.java:563)
	at org.eclipse.jetty.server.HttpChannel$RequestDispatchable.dispatch(HttpChannel.java:1598)
	at org.eclipse.jetty.server.HttpChannel.dispatch(HttpChannel.java:753)
	at org.eclipse.jetty.server.HttpChannel.handle(HttpChannel.java:501)
	at org.eclipse.jetty.server.HttpConnection.onFillable(HttpConnection.java:287)
	at org.eclipse.jetty.io.AbstractConnection$ReadCallback.succeeded(AbstractConnection.java:314)
	at org.eclipse.jetty.io.FillInterest.fillable(FillInterest.java:100)
	at org.eclipse.jetty.io.SelectableChannelEndPoint$1.run(SelectableChannelEndPoint.java:53)
	at org.eclipse.jetty.util.thread.strategy.AdaptiveExecutionStrategy.runTask(AdaptiveExecutionStrategy.java:421)
	at org.eclipse.jetty.util.thread.strategy.AdaptiveExecutionStrategy.consumeTask(AdaptiveExecutionStrategy.java:390)
	at org.eclipse.jetty.util.thread.strategy.AdaptiveExecutionStrategy.tryProduce(AdaptiveExecutionStrategy.java:277)
	at org.eclipse.jetty.util.thread.strategy.AdaptiveExecutionStrategy.produce(AdaptiveExecutionStrategy.java:193)
	at org.eclipse.jetty.util.thread.QueuedThreadPool.runJob(QueuedThreadPool.java:969)
	at org.eclipse.jetty.util.thread.QueuedThreadPool$Runner.doRunJob(QueuedThreadPool.java:1194)
	at org.eclipse.jetty.util.thread.QueuedThreadPool$Runner.run(QueuedThreadPool.java:1149)
	at java.base/java.lang.Thread.run(Thread.java:1583)
Caused by: org.json.JSONException: A JSONObject text must begin with '{' at 0 [character 1 line 1]
	at org.json.JSONTokener.syntaxError(JSONTokener.java:507)
	at org.json.JSONObject.<init>(JSONObject.java:222)
	at org.json.JSONObject.<init>(JSONObject.java:406)
	at com.sismics.docs.core.service.TranslationService.translateText(TranslationService.java:42)
	at com.sismics.docs.rest.resource.TranslationResource.translate(TranslationResource.java:21)
	at java.base/jdk.internal.reflect.DirectMethodHandleAccessor.invoke(DirectMethodHandleAccessor.java:103)
	at java.base/java.lang.reflect.Method.invoke(Method.java:580)
	at org.glassfish.jersey.server.model.internal.ResourceMethodInvocationHandlerFactory.lambda$static$0(ResourceMethodInvocationHandlerFactory.java:52)
	at org.glassfish.jersey.server.model.internal.AbstractJavaResourceMethodDispatcher$1.run(AbstractJavaResourceMethodDispatcher.java:134)
	at org.glassfish.jersey.server.model.internal.AbstractJavaResourceMethodDispatcher.invoke(AbstractJavaResourceMethodDispatcher.java:177)
	at org.glassfish.jersey.server.model.internal.JavaResourceMethodDispatcherProvider$ResponseOutInvoker.doDispatch(JavaResourceMethodDispatcherProvider.java:176)
	at org.glassfish.jersey.server.model.internal.AbstractJavaResourceMethodDispatcher.dispatch(AbstractJavaResourceMethodDispatcher.java:81)
	at org.glassfish.jersey.server.model.ResourceMethodInvoker.invoke(ResourceMethodInvoker.java:478)
	at org.glassfish.jersey.server.model.ResourceMethodInvoker.apply(ResourceMethodInvoker.java:400)
	at org.glassfish.jersey.server.model.ResourceMethodInvoker.apply(ResourceMethodInvoker.java:81)
	at org.glassfish.jersey.server.ServerRuntime$1.run(ServerRuntime.java:256)
	at org.glassfish.jersey.internal.Errors$1.call(Errors.java:248)
	at org.glassfish.jersey.internal.Errors$1.call(Errors.java:244)
	at org.glassfish.jersey.internal.Errors.process(Errors.java:292)
	at org.glassfish.jersey.internal.Errors.process(Errors.java:274)
	at org.glassfish.jersey.internal.Errors.process(Errors.java:244)
	at org.glassfish.jersey.process.internal.RequestScope.runInScope(RequestScope.java:265)
	at org.glassfish.jersey.server.ServerRuntime.process(ServerRuntime.java:235)
	at org.glassfish.jersey.server.ApplicationHandler.handle(ApplicationHandler.java:684)
	at org.glassfish.jersey.servlet.WebComponent.serviceImpl(WebComponent.java:394)
	... 57 more
20 Apr 2025 22:40:45,577 INFO com.sismics.docs.core.service.InboxService.shutDown(InboxService.java:57) Inbox service shutting down 
20 Apr 2025 22:40:45,578 INFO com.sismics.docs.core.service.FileService.shutDown(FileService.java:44) File service shutting down 
20 Apr 2025 22:40:48,224 INFO com.sismics.util.jpa.EMF.getEntityManagerProperties(EMF.java:67) Configuring EntityManager from hibernate.properties 
20 Apr 2025 22:40:48,552 INFO com.sismics.util.jpa.DbOpenHelper.open(DbOpenHelper.java:57) Opening database and executing incremental updates 
20 Apr 2025 22:40:48,554 INFO com.sismics.util.jpa.DbOpenHelper.open(DbOpenHelper.java:106) Found database version 31, new version is 31, executing database incremental update scripts 
20 Apr 2025 22:40:48,554 INFO com.sismics.util.jpa.DbOpenHelper.open(DbOpenHelper.java:108) Database upgrade complete 
20 Apr 2025 22:40:48,554 INFO com.sismics.util.jpa.EMF.getEntityManagerProperties(EMF.java:67) Configuring EntityManager from hibernate.properties 
20 Apr 2025 22:40:49,482 INFO com.sismics.util.ClasspathScanner.findClasses(ClasspathScanner.java:48) Found 1 classes for IndexingHandler 
20 Apr 2025 22:40:49,504 INFO com.sismics.docs.core.util.indexing.LuceneIndexingHandler.initLucene(LuceneIndexingHandler.java:129) Using RAM Lucene storage 
20 Apr 2025 22:40:49,549 INFO com.sismics.docs.core.service.FileService.startUp(FileService.java:39) File service starting up 
20 Apr 2025 22:40:49,551 INFO com.sismics.docs.core.service.InboxService.startUp(InboxService.java:52) Inbox service starting up 
20 Apr 2025 22:40:49,551 INFO com.sismics.docs.core.service.FileSizeService.startUp(FileSizeService.java:30) File size service starting up 
20 Apr 2025 22:40:49,691 INFO com.sismics.docs.core.service.FileSizeService.lambda$runOneIteration$0(FileSizeService.java:50) No more file to process, stopping the service 
20 Apr 2025 22:40:49,691 INFO com.sismics.docs.core.service.FileSizeService.shutDown(FileSizeService.java:35) File size service shutting down 
20 Apr 2025 22:43:05,440 INFO com.sismics.util.jpa.EMF.getEntityManagerProperties(EMF.java:67) Configuring EntityManager from hibernate.properties 
20 Apr 2025 22:43:05,829 INFO com.sismics.util.jpa.DbOpenHelper.open(DbOpenHelper.java:57) Opening database and executing incremental updates 
20 Apr 2025 22:43:05,831 INFO com.sismics.util.jpa.DbOpenHelper.open(DbOpenHelper.java:106) Found database version 31, new version is 31, executing database incremental update scripts 
20 Apr 2025 22:43:05,831 INFO com.sismics.util.jpa.DbOpenHelper.open(DbOpenHelper.java:108) Database upgrade complete 
20 Apr 2025 22:43:05,831 INFO com.sismics.util.jpa.EMF.getEntityManagerProperties(EMF.java:67) Configuring EntityManager from hibernate.properties 
20 Apr 2025 22:43:06,955 INFO com.sismics.util.ClasspathScanner.findClasses(ClasspathScanner.java:48) Found 1 classes for IndexingHandler 
20 Apr 2025 22:43:06,977 INFO com.sismics.docs.core.util.indexing.LuceneIndexingHandler.initLucene(LuceneIndexingHandler.java:129) Using RAM Lucene storage 
20 Apr 2025 22:43:07,026 INFO com.sismics.docs.core.service.FileService.startUp(FileService.java:39) File service starting up 
20 Apr 2025 22:43:07,028 INFO com.sismics.docs.core.service.InboxService.startUp(InboxService.java:52) Inbox service starting up 
20 Apr 2025 22:43:07,028 INFO com.sismics.docs.core.service.FileSizeService.startUp(FileSizeService.java:30) File size service starting up 
20 Apr 2025 22:43:07,192 INFO com.sismics.docs.core.service.FileSizeService.lambda$runOneIteration$0(FileSizeService.java:50) No more file to process, stopping the service 
20 Apr 2025 22:43:07,193 INFO com.sismics.docs.core.service.FileSizeService.shutDown(FileSizeService.java:35) File size service shutting down 
20 Apr 2025 22:44:02,791 ERROR com.sismics.util.filter.RequestContextFilter.doFilter(RequestContextFilter.java:95) An exception occured, rolling back current transaction 
jakarta.servlet.ServletException: org.json.JSONException: A JSONObject text must begin with '{' at 0 [character 1 line 1]
	at org.glassfish.jersey.servlet.WebComponent.serviceImpl(WebComponent.java:410)
	at org.glassfish.jersey.servlet.WebComponent.service(WebComponent.java:346)
	at org.glassfish.jersey.servlet.ServletContainer.service(ServletContainer.java:358)
	at org.glassfish.jersey.servlet.ServletContainer.service(ServletContainer.java:311)
	at org.glassfish.jersey.servlet.ServletContainer.service(ServletContainer.java:205)
	at org.eclipse.jetty.servlet.ServletHolder.handle(ServletHolder.java:764)
	at org.eclipse.jetty.servlet.ServletHandler$ChainEnd.doFilter(ServletHandler.java:1665)
	at com.sismics.util.filter.SecurityFilter.doFilter(SecurityFilter.java:134)
	at org.eclipse.jetty.servlet.FilterHolder.doFilter(FilterHolder.java:202)
	at org.eclipse.jetty.servlet.ServletHandler$Chain.doFilter(ServletHandler.java:1635)
	at com.sismics.util.filter.SecurityFilter.doFilter(SecurityFilter.java:134)
	at org.eclipse.jetty.servlet.FilterHolder.doFilter(FilterHolder.java:202)
	at org.eclipse.jetty.servlet.ServletHandler$Chain.doFilter(ServletHandler.java:1635)
	at com.sismics.util.filter.SecurityFilter.doFilter(SecurityFilter.java:134)
	at org.eclipse.jetty.servlet.FilterHolder.doFilter(FilterHolder.java:202)
	at org.eclipse.jetty.servlet.ServletHandler$Chain.doFilter(ServletHandler.java:1635)
	at com.sismics.util.filter.RequestContextFilter.doFilter(RequestContextFilter.java:89)
	at org.eclipse.jetty.servlet.FilterHolder.doFilter(FilterHolder.java:202)
	at org.eclipse.jetty.servlet.ServletHandler$Chain.doFilter(ServletHandler.java:1635)
	at com.sismics.util.filter.CorsFilter.doFilter(CorsFilter.java:39)
	at org.eclipse.jetty.servlet.FilterHolder.doFilter(FilterHolder.java:202)
	at org.eclipse.jetty.servlet.ServletHandler$Chain.doFilter(ServletHandler.java:1635)
	at org.eclipse.jetty.websocket.servlet.WebSocketUpgradeFilter.doFilter(WebSocketUpgradeFilter.java:170)
	at org.eclipse.jetty.servlet.FilterHolder.doFilter(FilterHolder.java:202)
	at org.eclipse.jetty.servlet.ServletHandler$Chain.doFilter(ServletHandler.java:1635)
	at org.eclipse.jetty.servlet.ServletHandler.doHandle(ServletHandler.java:527)
	at org.eclipse.jetty.server.handler.ScopedHandler.handle(ScopedHandler.java:131)
	at org.eclipse.jetty.security.SecurityHandler.handle(SecurityHandler.java:598)
	at org.eclipse.jetty.server.handler.HandlerWrapper.handle(HandlerWrapper.java:122)
	at org.eclipse.jetty.server.handler.ScopedHandler.nextHandle(ScopedHandler.java:223)
	at org.eclipse.jetty.server.session.SessionHandler.doHandle(SessionHandler.java:1580)
	at org.eclipse.jetty.server.handler.ScopedHandler.nextHandle(ScopedHandler.java:221)
	at org.eclipse.jetty.server.handler.ContextHandler.doHandle(ContextHandler.java:1381)
	at org.eclipse.jetty.server.handler.ScopedHandler.nextScope(ScopedHandler.java:176)
	at org.eclipse.jetty.servlet.ServletHandler.doScope(ServletHandler.java:484)
	at org.eclipse.jetty.server.session.SessionHandler.doScope(SessionHandler.java:1553)
	at org.eclipse.jetty.server.handler.ScopedHandler.nextScope(ScopedHandler.java:174)
	at org.eclipse.jetty.server.handler.ContextHandler.doScope(ContextHandler.java:1303)
	at org.eclipse.jetty.server.handler.ScopedHandler.handle(ScopedHandler.java:129)
	at org.eclipse.jetty.server.handler.ContextHandlerCollection.handle(ContextHandlerCollection.java:149)
	at org.eclipse.jetty.server.handler.HandlerList.handle(HandlerList.java:51)
	at org.eclipse.jetty.server.handler.HandlerWrapper.handle(HandlerWrapper.java:122)
	at org.eclipse.jetty.server.Server.handle(Server.java:563)
	at org.eclipse.jetty.server.HttpChannel$RequestDispatchable.dispatch(HttpChannel.java:1598)
	at org.eclipse.jetty.server.HttpChannel.dispatch(HttpChannel.java:753)
	at org.eclipse.jetty.server.HttpChannel.handle(HttpChannel.java:501)
	at org.eclipse.jetty.server.HttpConnection.onFillable(HttpConnection.java:287)
	at org.eclipse.jetty.io.AbstractConnection$ReadCallback.succeeded(AbstractConnection.java:314)
	at org.eclipse.jetty.io.FillInterest.fillable(FillInterest.java:100)
	at org.eclipse.jetty.io.SelectableChannelEndPoint$1.run(SelectableChannelEndPoint.java:53)
	at org.eclipse.jetty.util.thread.QueuedThreadPool.runJob(QueuedThreadPool.java:969)
	at org.eclipse.jetty.util.thread.QueuedThreadPool$Runner.doRunJob(QueuedThreadPool.java:1194)
	at org.eclipse.jetty.util.thread.QueuedThreadPool$Runner.run(QueuedThreadPool.java:1149)
	at java.base/java.lang.Thread.run(Thread.java:1583)
Caused by: org.json.JSONException: A JSONObject text must begin with '{' at 0 [character 1 line 1]
	at org.json.JSONTokener.syntaxError(JSONTokener.java:507)
	at org.json.JSONObject.<init>(JSONObject.java:222)
	at org.json.JSONObject.<init>(JSONObject.java:406)
	at com.sismics.docs.core.service.TranslationService.translateText(TranslationService.java:42)
	at com.sismics.docs.rest.resource.TranslationResource.translate(TranslationResource.java:21)
	at java.base/jdk.internal.reflect.DirectMethodHandleAccessor.invoke(DirectMethodHandleAccessor.java:103)
	at java.base/java.lang.reflect.Method.invoke(Method.java:580)
	at org.glassfish.jersey.server.model.internal.ResourceMethodInvocationHandlerFactory.lambda$static$0(ResourceMethodInvocationHandlerFactory.java:52)
	at org.glassfish.jersey.server.model.internal.AbstractJavaResourceMethodDispatcher$1.run(AbstractJavaResourceMethodDispatcher.java:134)
	at org.glassfish.jersey.server.model.internal.AbstractJavaResourceMethodDispatcher.invoke(AbstractJavaResourceMethodDispatcher.java:177)
	at org.glassfish.jersey.server.model.internal.JavaResourceMethodDispatcherProvider$ResponseOutInvoker.doDispatch(JavaResourceMethodDispatcherProvider.java:176)
	at org.glassfish.jersey.server.model.internal.AbstractJavaResourceMethodDispatcher.dispatch(AbstractJavaResourceMethodDispatcher.java:81)
	at org.glassfish.jersey.server.model.ResourceMethodInvoker.invoke(ResourceMethodInvoker.java:478)
	at org.glassfish.jersey.server.model.ResourceMethodInvoker.apply(ResourceMethodInvoker.java:400)
	at org.glassfish.jersey.server.model.ResourceMethodInvoker.apply(ResourceMethodInvoker.java:81)
	at org.glassfish.jersey.server.ServerRuntime$1.run(ServerRuntime.java:256)
	at org.glassfish.jersey.internal.Errors$1.call(Errors.java:248)
	at org.glassfish.jersey.internal.Errors$1.call(Errors.java:244)
	at org.glassfish.jersey.internal.Errors.process(Errors.java:292)
	at org.glassfish.jersey.internal.Errors.process(Errors.java:274)
	at org.glassfish.jersey.internal.Errors.process(Errors.java:244)
	at org.glassfish.jersey.process.internal.RequestScope.runInScope(RequestScope.java:265)
	at org.glassfish.jersey.server.ServerRuntime.process(ServerRuntime.java:235)
	at org.glassfish.jersey.server.ApplicationHandler.handle(ApplicationHandler.java:684)
	at org.glassfish.jersey.servlet.WebComponent.serviceImpl(WebComponent.java:394)
	... 53 more
20 Apr 2025 22:46:07,558 INFO com.sismics.docs.core.service.InboxService.shutDown(InboxService.java:57) Inbox service shutting down 
20 Apr 2025 22:46:07,559 INFO com.sismics.docs.core.service.FileService.shutDown(FileService.java:44) File service shutting down 
20 Apr 2025 22:48:06,311 INFO com.sismics.util.jpa.EMF.getEntityManagerProperties(EMF.java:67) Configuring EntityManager from hibernate.properties 
20 Apr 2025 22:48:06,629 INFO com.sismics.util.jpa.DbOpenHelper.open(DbOpenHelper.java:57) Opening database and executing incremental updates 
20 Apr 2025 22:48:06,631 INFO com.sismics.util.jpa.DbOpenHelper.open(DbOpenHelper.java:106) Found database version 31, new version is 31, executing database incremental update scripts 
20 Apr 2025 22:48:06,631 INFO com.sismics.util.jpa.DbOpenHelper.open(DbOpenHelper.java:108) Database upgrade complete 
20 Apr 2025 22:48:06,632 INFO com.sismics.util.jpa.EMF.getEntityManagerProperties(EMF.java:67) Configuring EntityManager from hibernate.properties 
20 Apr 2025 22:48:07,534 INFO com.sismics.util.ClasspathScanner.findClasses(ClasspathScanner.java:48) Found 1 classes for IndexingHandler 
20 Apr 2025 22:48:07,558 INFO com.sismics.docs.core.util.indexing.LuceneIndexingHandler.initLucene(LuceneIndexingHandler.java:129) Using RAM Lucene storage 
20 Apr 2025 22:48:07,599 INFO com.sismics.docs.core.service.FileService.startUp(FileService.java:39) File service starting up 
20 Apr 2025 22:48:07,601 INFO com.sismics.docs.core.service.InboxService.startUp(InboxService.java:52) Inbox service starting up 
20 Apr 2025 22:48:07,601 INFO com.sismics.docs.core.service.FileSizeService.startUp(FileSizeService.java:30) File size service starting up 
20 Apr 2025 22:48:07,750 INFO com.sismics.docs.core.service.FileSizeService.lambda$runOneIteration$0(FileSizeService.java:50) No more file to process, stopping the service 
20 Apr 2025 22:48:07,751 INFO com.sismics.docs.core.service.FileSizeService.shutDown(FileSizeService.java:35) File size service shutting down 
20 Apr 2025 22:58:13,441 INFO com.sismics.docs.core.service.InboxService.shutDown(InboxService.java:57) Inbox service shutting down 
20 Apr 2025 22:58:13,442 INFO com.sismics.docs.core.service.FileService.shutDown(FileService.java:44) File service shutting down 
20 Apr 2025 22:58:16,348 INFO com.sismics.util.jpa.EMF.getEntityManagerProperties(EMF.java:67) Configuring EntityManager from hibernate.properties 
20 Apr 2025 22:58:16,661 INFO com.sismics.util.jpa.DbOpenHelper.open(DbOpenHelper.java:57) Opening database and executing incremental updates 
20 Apr 2025 22:58:16,663 INFO com.sismics.util.jpa.DbOpenHelper.open(DbOpenHelper.java:106) Found database version 31, new version is 31, executing database incremental update scripts 
20 Apr 2025 22:58:16,664 INFO com.sismics.util.jpa.DbOpenHelper.open(DbOpenHelper.java:108) Database upgrade complete 
20 Apr 2025 22:58:16,664 INFO com.sismics.util.jpa.EMF.getEntityManagerProperties(EMF.java:67) Configuring EntityManager from hibernate.properties 
20 Apr 2025 22:58:17,621 INFO com.sismics.util.ClasspathScanner.findClasses(ClasspathScanner.java:48) Found 1 classes for IndexingHandler 
20 Apr 2025 22:58:17,644 INFO com.sismics.docs.core.util.indexing.LuceneIndexingHandler.initLucene(LuceneIndexingHandler.java:129) Using RAM Lucene storage 
20 Apr 2025 22:58:17,689 INFO com.sismics.docs.core.service.FileService.startUp(FileService.java:39) File service starting up 
20 Apr 2025 22:58:17,691 INFO com.sismics.docs.core.service.InboxService.startUp(InboxService.java:52) Inbox service starting up 
20 Apr 2025 22:58:17,691 INFO com.sismics.docs.core.service.FileSizeService.startUp(FileSizeService.java:30) File size service starting up 
20 Apr 2025 22:58:17,830 INFO com.sismics.docs.core.service.FileSizeService.lambda$runOneIteration$0(FileSizeService.java:50) No more file to process, stopping the service 
20 Apr 2025 22:58:17,830 INFO com.sismics.docs.core.service.FileSizeService.shutDown(FileSizeService.java:35) File size service shutting down 
20 Apr 2025 23:06:54,734 INFO com.sismics.docs.core.service.InboxService.shutDown(InboxService.java:57) Inbox service shutting down 
20 Apr 2025 23:06:54,735 INFO com.sismics.docs.core.service.FileService.shutDown(FileService.java:44) File service shutting down 
20 Apr 2025 23:07:31,752 INFO com.sismics.util.jpa.EMF.getEntityManagerProperties(EMF.java:67) Configuring EntityManager from hibernate.properties 
20 Apr 2025 23:07:32,055 INFO com.sismics.util.jpa.DbOpenHelper.open(DbOpenHelper.java:57) Opening database and executing incremental updates 
20 Apr 2025 23:07:32,056 INFO com.sismics.util.jpa.DbOpenHelper.open(DbOpenHelper.java:106) Found database version 31, new version is 31, executing database incremental update scripts 
20 Apr 2025 23:07:32,056 INFO com.sismics.util.jpa.DbOpenHelper.open(DbOpenHelper.java:108) Database upgrade complete 
20 Apr 2025 23:07:32,057 INFO com.sismics.util.jpa.EMF.getEntityManagerProperties(EMF.java:67) Configuring EntityManager from hibernate.properties 
20 Apr 2025 23:07:32,951 INFO com.sismics.util.ClasspathScanner.findClasses(ClasspathScanner.java:48) Found 1 classes for IndexingHandler 
20 Apr 2025 23:07:32,972 INFO com.sismics.docs.core.util.indexing.LuceneIndexingHandler.initLucene(LuceneIndexingHandler.java:129) Using RAM Lucene storage 
20 Apr 2025 23:07:33,015 INFO com.sismics.docs.core.service.FileService.startUp(FileService.java:39) File service starting up 
20 Apr 2025 23:07:33,017 INFO com.sismics.docs.core.service.InboxService.startUp(InboxService.java:52) Inbox service starting up 
20 Apr 2025 23:07:33,018 INFO com.sismics.docs.core.service.FileSizeService.startUp(FileSizeService.java:30) File size service starting up 
20 Apr 2025 23:07:33,166 INFO com.sismics.docs.core.service.FileSizeService.lambda$runOneIteration$0(FileSizeService.java:50) No more file to process, stopping the service 
20 Apr 2025 23:07:33,166 INFO com.sismics.docs.core.service.FileSizeService.shutDown(FileSizeService.java:35) File size service shutting down 
20 Apr 2025 23:15:18,959 INFO com.sismics.util.jpa.EMF.getEntityManagerProperties(EMF.java:67) Configuring EntityManager from hibernate.properties 
20 Apr 2025 23:15:19,282 INFO com.sismics.util.jpa.DbOpenHelper.open(DbOpenHelper.java:57) Opening database and executing incremental updates 
20 Apr 2025 23:15:19,284 INFO com.sismics.util.jpa.DbOpenHelper.open(DbOpenHelper.java:106) Found database version 31, new version is 31, executing database incremental update scripts 
20 Apr 2025 23:15:19,284 INFO com.sismics.util.jpa.DbOpenHelper.open(DbOpenHelper.java:108) Database upgrade complete 
20 Apr 2025 23:15:19,285 INFO com.sismics.util.jpa.EMF.getEntityManagerProperties(EMF.java:67) Configuring EntityManager from hibernate.properties 
20 Apr 2025 23:15:20,241 INFO com.sismics.util.ClasspathScanner.findClasses(ClasspathScanner.java:48) Found 1 classes for IndexingHandler 
20 Apr 2025 23:15:20,264 INFO com.sismics.docs.core.util.indexing.LuceneIndexingHandler.initLucene(LuceneIndexingHandler.java:129) Using RAM Lucene storage 
20 Apr 2025 23:15:20,306 INFO com.sismics.docs.core.service.FileService.startUp(FileService.java:39) File service starting up 
20 Apr 2025 23:15:20,308 INFO com.sismics.docs.core.service.InboxService.startUp(InboxService.java:52) Inbox service starting up 
20 Apr 2025 23:15:20,308 INFO com.sismics.docs.core.service.FileSizeService.startUp(FileSizeService.java:30) File size service starting up 
20 Apr 2025 23:15:20,469 INFO com.sismics.docs.core.service.FileSizeService.lambda$runOneIteration$0(FileSizeService.java:50) No more file to process, stopping the service 
20 Apr 2025 23:15:20,469 INFO com.sismics.docs.core.service.FileSizeService.shutDown(FileSizeService.java:35) File size service shutting down 
20 Apr 2025 23:17:13,981 INFO com.sismics.docs.core.service.InboxService.shutDown(InboxService.java:57) Inbox service shutting down 
20 Apr 2025 23:17:13,981 INFO com.sismics.docs.core.service.FileService.shutDown(FileService.java:44) File service shutting down 
20 Apr 2025 23:17:16,949 INFO com.sismics.util.jpa.EMF.getEntityManagerProperties(EMF.java:67) Configuring EntityManager from hibernate.properties 
20 Apr 2025 23:17:17,244 INFO com.sismics.util.jpa.DbOpenHelper.open(DbOpenHelper.java:57) Opening database and executing incremental updates 
20 Apr 2025 23:17:17,246 INFO com.sismics.util.jpa.DbOpenHelper.open(DbOpenHelper.java:106) Found database version 31, new version is 31, executing database incremental update scripts 
20 Apr 2025 23:17:17,246 INFO com.sismics.util.jpa.DbOpenHelper.open(DbOpenHelper.java:108) Database upgrade complete 
20 Apr 2025 23:17:17,246 INFO com.sismics.util.jpa.EMF.getEntityManagerProperties(EMF.java:67) Configuring EntityManager from hibernate.properties 
20 Apr 2025 23:17:18,158 INFO com.sismics.util.ClasspathScanner.findClasses(ClasspathScanner.java:48) Found 1 classes for IndexingHandler 
20 Apr 2025 23:17:18,183 INFO com.sismics.docs.core.util.indexing.LuceneIndexingHandler.initLucene(LuceneIndexingHandler.java:129) Using RAM Lucene storage 
20 Apr 2025 23:17:18,228 INFO com.sismics.docs.core.service.FileService.startUp(FileService.java:39) File service starting up 
20 Apr 2025 23:17:18,230 INFO com.sismics.docs.core.service.InboxService.startUp(InboxService.java:52) Inbox service starting up 
20 Apr 2025 23:17:18,230 INFO com.sismics.docs.core.service.FileSizeService.startUp(FileSizeService.java:30) File size service starting up 
20 Apr 2025 23:17:18,400 INFO com.sismics.docs.core.service.FileSizeService.lambda$runOneIteration$0(FileSizeService.java:50) No more file to process, stopping the service 
20 Apr 2025 23:17:18,400 INFO com.sismics.docs.core.service.FileSizeService.shutDown(FileSizeService.java:35) File size service shutting down 
20 Apr 2025 23:26:50,158 INFO com.sismics.docs.core.service.InboxService.shutDown(InboxService.java:57) Inbox service shutting down 
20 Apr 2025 23:26:50,158 INFO com.sismics.docs.core.service.FileService.shutDown(FileService.java:44) File service shutting down 
20 Apr 2025 23:26:53,129 INFO com.sismics.util.jpa.EMF.getEntityManagerProperties(EMF.java:67) Configuring EntityManager from hibernate.properties 
20 Apr 2025 23:26:53,428 INFO com.sismics.util.jpa.DbOpenHelper.open(DbOpenHelper.java:57) Opening database and executing incremental updates 
20 Apr 2025 23:26:53,429 INFO com.sismics.util.jpa.DbOpenHelper.open(DbOpenHelper.java:106) Found database version 31, new version is 31, executing database incremental update scripts 
20 Apr 2025 23:26:53,430 INFO com.sismics.util.jpa.DbOpenHelper.open(DbOpenHelper.java:108) Database upgrade complete 
20 Apr 2025 23:26:53,430 INFO com.sismics.util.jpa.EMF.getEntityManagerProperties(EMF.java:67) Configuring EntityManager from hibernate.properties 
20 Apr 2025 23:26:54,343 INFO com.sismics.util.ClasspathScanner.findClasses(ClasspathScanner.java:48) Found 1 classes for IndexingHandler 
20 Apr 2025 23:26:54,367 INFO com.sismics.docs.core.util.indexing.LuceneIndexingHandler.initLucene(LuceneIndexingHandler.java:129) Using RAM Lucene storage 
20 Apr 2025 23:26:54,407 INFO com.sismics.docs.core.service.FileService.startUp(FileService.java:39) File service starting up 
20 Apr 2025 23:26:54,409 INFO com.sismics.docs.core.service.InboxService.startUp(InboxService.java:52) Inbox service starting up 
20 Apr 2025 23:26:54,409 INFO com.sismics.docs.core.service.FileSizeService.startUp(FileSizeService.java:30) File size service starting up 
20 Apr 2025 23:26:54,578 INFO com.sismics.docs.core.service.FileSizeService.lambda$runOneIteration$0(FileSizeService.java:50) No more file to process, stopping the service 
20 Apr 2025 23:26:54,579 INFO com.sismics.docs.core.service.FileSizeService.shutDown(FileSizeService.java:35) File size service shutting down 
20 Apr 2025 23:27:07,266 INFO com.sismics.util.ClasspathScanner.findClasses(ClasspathScanner.java:48) Found 2 classes for AuthenticationHandler 
20 Apr 2025 23:31:08,858 INFO com.sismics.docs.core.service.InboxService.shutDown(InboxService.java:57) Inbox service shutting down 
20 Apr 2025 23:31:08,859 INFO com.sismics.docs.core.service.FileService.shutDown(FileService.java:44) File service shutting down 
20 Apr 2025 23:31:11,861 INFO com.sismics.util.jpa.EMF.getEntityManagerProperties(EMF.java:67) Configuring EntityManager from hibernate.properties 
20 Apr 2025 23:31:12,154 INFO com.sismics.util.jpa.DbOpenHelper.open(DbOpenHelper.java:57) Opening database and executing incremental updates 
20 Apr 2025 23:31:12,158 INFO com.sismics.util.jpa.DbOpenHelper.open(DbOpenHelper.java:106) Found database version 31, new version is 31, executing database incremental update scripts 
20 Apr 2025 23:31:12,158 INFO com.sismics.util.jpa.DbOpenHelper.open(DbOpenHelper.java:108) Database upgrade complete 
20 Apr 2025 23:31:12,159 INFO com.sismics.util.jpa.EMF.getEntityManagerProperties(EMF.java:67) Configuring EntityManager from hibernate.properties 
20 Apr 2025 23:31:13,064 INFO com.sismics.util.ClasspathScanner.findClasses(ClasspathScanner.java:48) Found 1 classes for IndexingHandler 
20 Apr 2025 23:31:13,086 INFO com.sismics.docs.core.util.indexing.LuceneIndexingHandler.initLucene(LuceneIndexingHandler.java:129) Using RAM Lucene storage 
20 Apr 2025 23:31:13,125 INFO com.sismics.docs.core.service.FileService.startUp(FileService.java:39) File service starting up 
20 Apr 2025 23:31:13,127 INFO com.sismics.docs.core.service.InboxService.startUp(InboxService.java:52) Inbox service starting up 
20 Apr 2025 23:31:13,127 INFO com.sismics.docs.core.service.FileSizeService.startUp(FileSizeService.java:30) File size service starting up 
20 Apr 2025 23:31:13,295 INFO com.sismics.docs.core.service.FileSizeService.lambda$runOneIteration$0(FileSizeService.java:50) No more file to process, stopping the service 
20 Apr 2025 23:31:13,295 INFO com.sismics.docs.core.service.FileSizeService.shutDown(FileSizeService.java:35) File size service shutting down 
20 Apr 2025 23:32:46,305 INFO com.sismics.docs.core.util.FileUtil.startProcessingFile(FileUtil.java:225) Processing started for file: cc7cd2f3-d424-45dd-87ae-d6c44992ba3a 
20 Apr 2025 23:32:46,313 INFO com.sismics.docs.core.listener.async.DocumentUpdatedAsyncListener.on(DocumentUpdatedAsyncListener.java:39) Document updated event: DocumentUpdatedAsyncEvent{documentId=2f44cb6c-fd9f-4557-9986-8f2c6689642a} 
20 Apr 2025 23:32:46,313 INFO com.sismics.docs.core.listener.async.FileProcessingAsyncListener.on(FileProcessingAsyncListener.java:53) File created event: FileCreatedAsyncEvent{fileId=cc7cd2f3-d424-45dd-87ae-d6c44992ba3a, language=eng} 
20 Apr 2025 23:32:46,397 INFO com.sismics.util.ClasspathScanner.findClasses(ClasspathScanner.java:48) Found 7 classes for FormatHandler 
20 Apr 2025 23:32:46,827 INFO com.sismics.docs.core.listener.async.FileProcessingAsyncListener.extractContent(FileProcessingAsyncListener.java:176) Start extracting content from: File{id=cc7cd2f3-d424-45dd-87ae-d6c44992ba3a, name=✔️ dsaa_L05_stack_queue.pdf} 
20 Apr 2025 23:32:46,923 INFO com.sismics.docs.core.listener.async.FileProcessingAsyncListener.extractContent(FileProcessingAsyncListener.java:182) File content extracted in 96ms: cc7cd2f3-d424-45dd-87ae-d6c44992ba3a 
20 Apr 2025 23:32:46,934 INFO com.sismics.docs.core.util.FileUtil.endProcessingFile(FileUtil.java:235) Processing ended for file: cc7cd2f3-d424-45dd-87ae-d6c44992ba3a 
20 Apr 2025 23:46:06,749 INFO com.sismics.docs.core.service.InboxService.shutDown(InboxService.java:57) Inbox service shutting down 
20 Apr 2025 23:46:06,751 INFO com.sismics.docs.core.service.FileService.shutDown(FileService.java:44) File service shutting down 
20 Apr 2025 23:50:54,567 INFO com.sismics.util.jpa.EMF.getEntityManagerProperties(EMF.java:67) Configuring EntityManager from hibernate.properties 
20 Apr 2025 23:50:54,853 INFO com.sismics.util.jpa.DbOpenHelper.open(DbOpenHelper.java:57) Opening database and executing incremental updates 
20 Apr 2025 23:50:54,854 INFO com.sismics.util.jpa.DbOpenHelper.open(DbOpenHelper.java:106) Found database version 31, new version is 31, executing database incremental update scripts 
20 Apr 2025 23:50:54,855 INFO com.sismics.util.jpa.DbOpenHelper.open(DbOpenHelper.java:108) Database upgrade complete 
20 Apr 2025 23:50:54,855 INFO com.sismics.util.jpa.EMF.getEntityManagerProperties(EMF.java:67) Configuring EntityManager from hibernate.properties 
20 Apr 2025 23:50:55,757 INFO com.sismics.util.ClasspathScanner.findClasses(ClasspathScanner.java:48) Found 1 classes for IndexingHandler 
20 Apr 2025 23:50:55,779 INFO com.sismics.docs.core.util.indexing.LuceneIndexingHandler.initLucene(LuceneIndexingHandler.java:129) Using RAM Lucene storage 
20 Apr 2025 23:50:55,819 INFO com.sismics.docs.core.service.FileService.startUp(FileService.java:39) File service starting up 
20 Apr 2025 23:50:55,823 INFO com.sismics.docs.core.service.InboxService.startUp(InboxService.java:52) Inbox service starting up 
20 Apr 2025 23:50:55,824 INFO com.sismics.docs.core.service.FileSizeService.startUp(FileSizeService.java:30) File size service starting up 
20 Apr 2025 23:50:55,974 INFO com.sismics.docs.core.service.FileSizeService.lambda$runOneIteration$0(FileSizeService.java:50) No more file to process, stopping the service 
20 Apr 2025 23:50:55,975 INFO com.sismics.docs.core.service.FileSizeService.shutDown(FileSizeService.java:35) File size service shutting down 
21 Apr 2025 00:08:36,899 INFO com.sismics.docs.core.service.InboxService.shutDown(InboxService.java:57) Inbox service shutting down 
21 Apr 2025 00:08:36,901 INFO com.sismics.docs.core.service.FileService.shutDown(FileService.java:44) File service shutting down 
